ca65 V2.19 - Git 92fa7cb23
Main file   : build/nes/src/nes/graphics.c.3643134.0.s
Current file: build/nes/src/nes/graphics.c.3643134.0.s

000000r 1               ;
000000r 1               ; File generated by cc65 v 2.19 - Git 92fa7cb23
000000r 1               ;
000000r 1               	.fopt		compiler,"cc65 v 2.19 - Git 92fa7cb23"
000000r 1               	.setcpu		"6502"
000000r 1               	.smart		on
000000r 1               	.autoimport	on
000000r 1               	.case		on
000000r 1               	.debuginfo	off
000000r 1               	.importzp	c_sp, sreg, regsave, regbank
000000r 1               	.importzp	tmp1, tmp2, tmp3, tmp4, ptr1, ptr2, ptr3, ptr4
000000r 1               	.macpack	longbranch
000000r 2               .macro  jeq     Target
000000r 2                       .if     .match(Target, 0)
000000r 2                       bne     *+5
000000r 2                       jmp     Target
000000r 2                       .elseif .def(Target) .and .const((*-2)-(Target)) .and ((*+2)-(Target) <= 127)
000000r 2                               beq     Target
000000r 2                       .else
000000r 2                               bne     *+5
000000r 2                               jmp     Target
000000r 2                       .endif
000000r 2               .endmacro
000000r 2               .macro  jne     Target
000000r 2                       .if     .match(Target, 0)
000000r 2                               beq     *+5
000000r 2                               jmp     Target
000000r 2                       .elseif .def(Target) .and .const((*-2)-(Target)) .and ((*+2)-(Target) <= 127)
000000r 2                               bne     Target
000000r 2                       .else
000000r 2                               beq     *+5
000000r 2                               jmp     Target
000000r 2                       .endif
000000r 2               .endmacro
000000r 2               .macro  jmi     Target
000000r 2                       .if     .match(Target, 0)
000000r 2                               bpl     *+5
000000r 2                               jmp     Target
000000r 2                       .elseif .def(Target) .and .const((*-2)-(Target)) .and ((*+2)-(Target) <= 127)
000000r 2                               bmi     Target
000000r 2                       .else
000000r 2                               bpl     *+5
000000r 2                               jmp     Target
000000r 2                       .endif
000000r 2               .endmacro
000000r 2               .macro  jpl     Target
000000r 2                       .if     .match(Target, 0)
000000r 2                               bmi     *+5
000000r 2                               jmp     Target
000000r 2                       .elseif .def(Target) .and .const((*-2)-(Target)) .and ((*+2)-(Target) <= 127)
000000r 2                               bpl     Target
000000r 2                       .else
000000r 2                               bmi     *+5
000000r 2                               jmp     Target
000000r 2                       .endif
000000r 2               .endmacro
000000r 2               .macro  jcs     Target
000000r 2                       .if     .match(Target, 0)
000000r 2                               bcc     *+5
000000r 2                               jmp     Target
000000r 2                       .elseif .def(Target) .and .const((*-2)-(Target)) .and ((*+2)-(Target) <= 127)
000000r 2                               bcs     Target
000000r 2                       .else
000000r 2                               bcc     *+5
000000r 2                               jmp     Target
000000r 2                       .endif
000000r 2               .endmacro
000000r 2               .macro  jcc     Target
000000r 2                       .if     .match(Target, 0)
000000r 2                               bcs     *+5
000000r 2                               jmp     Target
000000r 2                       .elseif .def(Target) .and .const((*-2)-(Target)) .and ((*+2)-(Target) <= 127)
000000r 2                               bcc     Target
000000r 2                       .else
000000r 2                               bcs     *+5
000000r 2                               jmp     Target
000000r 2                       .endif
000000r 2               .endmacro
000000r 2               .macro  jvs     Target
000000r 2                       .if     .match(Target, 0)
000000r 2                               bvc     *+5
000000r 2                               jmp     Target
000000r 2                       .elseif .def(Target) .and .const((*-2)-(Target)) .and ((*+2)-(Target) <= 127)
000000r 2                               bvs     Target
000000r 2                       .else
000000r 2                               bvc     *+5
000000r 2                               jmp     Target
000000r 2                       .endif
000000r 2               .endmacro
000000r 2               .macro  jvc     Target
000000r 2                       .if     .match(Target, 0)
000000r 2                               bvs     *+5
000000r 2                               jmp     Target
000000r 2                       .elseif .def(Target) .and .const((*-2)-(Target)) .and ((*+2)-(Target) <= 127)
000000r 2                               bvc     Target
000000r 2                       .else
000000r 2                               bvs     *+5
000000r 2                               jmp     Target
000000r 2                       .endif
000000r 2               .endmacro
000000r 2               
000000r 1               	.import		_strlen
000000r 1               	.import		_memset
000000r 1               	.import		_waitvsync
000000r 1               	.import		_joy_static_stddrv
000000r 1               	.import		_joy_install
000000r 1               	.export		_always_render_full_cards
000000r 1               	.export		_enableDoubleBuffer
000000r 1               	.export		_disableDoubleBuffer
000000r 1               	.export		_drawBuffer
000000r 1               	.export		_resetScreen
000000r 1               	.export		_clearStatusBar
000000r 1               	.export		_drawStatusTextAt
000000r 1               	.export		_drawStatusText
000000r 1               	.export		_drawStatusTimer
000000r 1               	.export		_drawText
000000r 1               	.export		_drawCard
000000r 1               	.export		_drawChip
000000r 1               	.export		_drawLine
000000r 1               	.export		_hideLine
000000r 1               	.export		_drawBox
000000r 1               	.export		_drawBorder
000000r 1               	.export		_drawLogo
000000r 1               	.export		_initGraphics
000000r 1               	.export		_cycleNextColor
000000r 1               	.export		_setColorMode
000000r 1               	.import		_ppu_put
000000r 1               
000000r 1               .segment	"DATA"
000000r 1               
000000r 1               _always_render_full_cards:
000000r 1  00           	.byte	$00
000001r 1               
000001r 1               .segment	"RODATA"
000000r 1               
000000r 1               S0004:
000000r 1  35 20 43 41  	.byte	$35,$20,$43,$41,$52,$44,$20,$53,$54,$55,$44,$00
000004r 1  52 44 20 53  
000008r 1  54 55 44 00  
00000Cr 1               S0003:
00000Cr 1  20 20 20 20  	.byte	$20,$20,$20,$20,$20,$20,$20,$20,$20,$20,$20,$00
000010r 1  20 20 20 20  
000014r 1  20 20 20 00  
000018r 1               S0002:
000018r 1  20 46 55 4A  	.byte	$20,$46,$55,$4A,$49,$20,$20,$4E,$45,$54,$20,$00
00001Cr 1  49 20 20 4E  
000020r 1  45 54 20 00  
000024r 1               S0001	:=	S0003+0
000024r 1               S0005	:=	S0003+0
000024r 1               S0008	:=	S0003+4
000024r 1               S0007	:=	S0003+5
000024r 1               S0009:
000024r 1  61 73 00     	.byte	$61,$73,$00
000027r 1               S000C:
000027r 1  61 63 00     	.byte	$61,$63,$00
00002Ar 1               S000A:
00002Ar 1  61 68 00     	.byte	$61,$68,$00
00002Dr 1               S000B:
00002Dr 1  61 64 00     	.byte	$61,$64,$00
000030r 1               S0006:
000030r 1  3F 3F 00     	.byte	$3F,$3F,$00
000033r 1               
000033r 1               .segment	"BSS"
000000r 1               
000000r 1               _shadow:
000000r 1  00 00 00 00  	.res	768,$00
000004r 1  00 00 00 00  
000008r 1  00 00 00 00  
000300r 1               _attr:
000300r 1  00 00 00 00  	.res	64,$00
000304r 1  00 00 00 00  
000308r 1  00 00 00 00  
000340r 1               _tallStatus:
000340r 1  00           	.res	1,$00
000341r 1               
000341r 1               ; ---------------------------------------------------------------
000341r 1               ; void __near__ enableDoubleBuffer (void)
000341r 1               ; ---------------------------------------------------------------
000341r 1               
000341r 1               .segment	"CODE"
000000r 1               
000000r 1               .proc	_enableDoubleBuffer: near
000000r 1               
000000r 1               .segment	"CODE"
000000r 1               
000000r 1  60           	rts
000001r 1               
000001r 1               .endproc
000001r 1               
000001r 1               ; ---------------------------------------------------------------
000001r 1               ; void __near__ disableDoubleBuffer (void)
000001r 1               ; ---------------------------------------------------------------
000001r 1               
000001r 1               .segment	"CODE"
000001r 1               
000001r 1               .proc	_disableDoubleBuffer: near
000001r 1               
000001r 1               .segment	"CODE"
000001r 1               
000001r 1  60           	rts
000002r 1               
000002r 1               .endproc
000002r 1               
000002r 1               ; ---------------------------------------------------------------
000002r 1               ; void __near__ drawBuffer (void)
000002r 1               ; ---------------------------------------------------------------
000002r 1               
000002r 1               .segment	"CODE"
000002r 1               
000002r 1               .proc	_drawBuffer: near
000002r 1               
000002r 1               .segment	"CODE"
000002r 1               
000002r 1  60           	rts
000003r 1               
000003r 1               .endproc
000003r 1               
000003r 1               ; ---------------------------------------------------------------
000003r 1               ; void __near__ resetScreen (void)
000003r 1               ; ---------------------------------------------------------------
000003r 1               
000003r 1               .segment	"CODE"
000003r 1               
000003r 1               .proc	_resetScreen: near
000003r 1               
000003r 1               .segment	"CODE"
000003r 1               
000003r 1  20 rr rr     	jsr     decsp2
000006r 1  A9 00        	lda     #$00
000008r 1  A8           	tay
000009r 1  91 rr        L0013:	sta     (c_sp),y
00000Br 1  C9 17        	cmp     #$17
00000Dr 1  B0 30        	bcs     L0003
00000Fr 1  98           	tya
000010r 1  C8           	iny
000011r 1  91 rr        L0012:	sta     (c_sp),y
000013r 1  C9 20        	cmp     #$20
000015r 1  B0 1F        	bcs     L0004
000017r 1  B1 rr        	lda     (c_sp),y
000019r 1  20 rr rr     	jsr     pusha
00001Cr 1  A0 01        	ldy     #$01
00001Er 1  B1 rr        	lda     (c_sp),y
000020r 1  20 rr rr     	jsr     pusha
000023r 1  A9 20        	lda     #$20
000025r 1  20 rr rr     	jsr     pusha
000028r 1  A9 00        	lda     #$00
00002Ar 1  20 rr rr     	jsr     _put
00002Dr 1  A0 01        	ldy     #$01
00002Fr 1  18           	clc
000030r 1  98           	tya
000031r 1  71 rr        	adc     (c_sp),y
000033r 1  4C rr rr     	jmp     L0012
000036r 1  88           L0004:	dey
000037r 1  18           	clc
000038r 1  A9 01        	lda     #$01
00003Ar 1  71 rr        	adc     (c_sp),y
00003Cr 1  4C rr rr     	jmp     L0013
00003Fr 1  20 rr rr     L0003:	jsr     _clearStatusBar
000042r 1  A9 00        	lda     #$00
000044r 1  A0 01        	ldy     #$01
000046r 1  91 rr        L0014:	sta     (c_sp),y
000048r 1  C9 40        	cmp     #$40
00004Ar 1  B0 2F        	bcs     L0015
00004Cr 1  B1 rr        	lda     (c_sp),y
00004Er 1  A8           	tay
00004Fr 1  B9 rr rr     	lda     _attr,y
000052r 1  F0 1E        	beq     L000C
000054r 1  A0 01        	ldy     #$01
000056r 1  B1 rr        	lda     (c_sp),y
000058r 1  A8           	tay
000059r 1  A9 00        	lda     #$00
00005Br 1  99 rr rr     	sta     _attr,y
00005Er 1  A2 23        	ldx     #$23
000060r 1  A9 C0        	lda     #$C0
000062r 1  A0 01        	ldy     #$01
000064r 1  18           	clc
000065r 1  71 rr        	adc     (c_sp),y
000067r 1  90 01        	bcc     L0011
000069r 1  E8           	inx
00006Ar 1  20 rr rr     L0011:	jsr     pushax
00006Dr 1  A9 00        	lda     #$00
00006Fr 1  20 rr rr     	jsr     _ppu_put
000072r 1  A0 01        L000C:	ldy     #$01
000074r 1  18           	clc
000075r 1  98           	tya
000076r 1  71 rr        	adc     (c_sp),y
000078r 1  4C rr rr     	jmp     L0014
00007Br 1  A9 00        L0015:	lda     #$00
00007Dr 1  20 rr rr     	jsr     pusha
000080r 1  20 rr rr     	jsr     pusha
000083r 1  A9 C1        	lda     #$C1
000085r 1  20 rr rr     	jsr     pusha
000088r 1  A9 BB        	lda     #$BB
00008Ar 1  20 rr rr     	jsr     _put
00008Dr 1  A9 1F        	lda     #$1F
00008Fr 1  20 rr rr     	jsr     pusha
000092r 1  A9 00        	lda     #$00
000094r 1  20 rr rr     	jsr     pusha
000097r 1  A9 C2        	lda     #$C2
000099r 1  20 rr rr     	jsr     pusha
00009Cr 1  A9 BC        	lda     #$BC
00009Er 1  20 rr rr     	jsr     _put
0000A1r 1  A9 00        	lda     #$00
0000A3r 1  20 rr rr     	jsr     pusha
0000A6r 1  A9 16        	lda     #$16
0000A8r 1  20 rr rr     	jsr     pusha
0000ABr 1  A9 C3        	lda     #$C3
0000ADr 1  20 rr rr     	jsr     pusha
0000B0r 1  A9 BD        	lda     #$BD
0000B2r 1  20 rr rr     	jsr     _put
0000B5r 1  A9 1F        	lda     #$1F
0000B7r 1  20 rr rr     	jsr     pusha
0000BAr 1  A9 16        	lda     #$16
0000BCr 1  20 rr rr     	jsr     pusha
0000BFr 1  A9 C4        	lda     #$C4
0000C1r 1  20 rr rr     	jsr     pusha
0000C4r 1  A9 BE        	lda     #$BE
0000C6r 1  20 rr rr     	jsr     _put
0000C9r 1  4C rr rr     	jmp     incsp2
0000CCr 1               
0000CCr 1               .endproc
0000CCr 1               
0000CCr 1               ; ---------------------------------------------------------------
0000CCr 1               ; void __near__ clearStatusBar (void)
0000CCr 1               ; ---------------------------------------------------------------
0000CCr 1               
0000CCr 1               .segment	"CODE"
0000CCr 1               
0000CCr 1               .proc	_clearStatusBar: near
0000CCr 1               
0000CCr 1               .segment	"CODE"
0000CCr 1               
0000CCr 1  20 rr rr     	jsr     decsp1
0000CFr 1  A9 00        	lda     #$00
0000D1r 1  A8           	tay
0000D2r 1  91 rr        L000B:	sta     (c_sp),y
0000D4r 1  C9 20        	cmp     #$20
0000D6r 1  B0 1E        	bcs     L0003
0000D8r 1  B1 rr        	lda     (c_sp),y
0000DAr 1  20 rr rr     	jsr     pusha
0000DDr 1  A9 17        	lda     #$17
0000DFr 1  20 rr rr     	jsr     pusha
0000E2r 1  A9 20        	lda     #$20
0000E4r 1  20 rr rr     	jsr     pusha
0000E7r 1  A9 40        	lda     #$40
0000E9r 1  20 rr rr     	jsr     _put
0000ECr 1  A0 00        	ldy     #$00
0000EEr 1  18           	clc
0000EFr 1  A9 01        	lda     #$01
0000F1r 1  71 rr        	adc     (c_sp),y
0000F3r 1  4C rr rr     	jmp     L000B
0000F6r 1  AD rr rr     L0003:	lda     _tallStatus
0000F9r 1  F0 52        	beq     L0006
0000FBr 1  98           	tya
0000FCr 1  8D rr rr     	sta     _tallStatus
0000FFr 1  20 rr rr     	jsr     pusha
000102r 1  A9 16        	lda     #$16
000104r 1  20 rr rr     	jsr     pusha
000107r 1  A9 C3        	lda     #$C3
000109r 1  20 rr rr     	jsr     pusha
00010Cr 1  A9 BD        	lda     #$BD
00010Er 1  20 rr rr     	jsr     _put
000111r 1  A9 01        	lda     #$01
000113r 1  A0 00        	ldy     #$00
000115r 1  91 rr        L000C:	sta     (c_sp),y
000117r 1  C9 1F        	cmp     #$1F
000119r 1  B0 1E        	bcs     L000D
00011Br 1  B1 rr        	lda     (c_sp),y
00011Dr 1  20 rr rr     	jsr     pusha
000120r 1  A9 16        	lda     #$16
000122r 1  20 rr rr     	jsr     pusha
000125r 1  A9 20        	lda     #$20
000127r 1  20 rr rr     	jsr     pusha
00012Ar 1  A9 00        	lda     #$00
00012Cr 1  20 rr rr     	jsr     _put
00012Fr 1  A0 00        	ldy     #$00
000131r 1  18           	clc
000132r 1  A9 01        	lda     #$01
000134r 1  71 rr        	adc     (c_sp),y
000136r 1  4C rr rr     	jmp     L000C
000139r 1  A9 1F        L000D:	lda     #$1F
00013Br 1  20 rr rr     	jsr     pusha
00013Er 1  A9 16        	lda     #$16
000140r 1  20 rr rr     	jsr     pusha
000143r 1  A9 C4        	lda     #$C4
000145r 1  20 rr rr     	jsr     pusha
000148r 1  A9 BE        	lda     #$BE
00014Ar 1  20 rr rr     	jsr     _put
00014Dr 1  4C rr rr     L0006:	jmp     incsp1
000150r 1               
000150r 1               .endproc
000150r 1               
000150r 1               ; ---------------------------------------------------------------
000150r 1               ; void __near__ drawStatusTextAt (unsigned char x, const char *s)
000150r 1               ; ---------------------------------------------------------------
000150r 1               
000150r 1               .segment	"CODE"
000150r 1               
000150r 1               .proc	_drawStatusTextAt: near
000150r 1               
000150r 1               .segment	"CODE"
000150r 1               
000150r 1  20 rr rr     	jsr     pushax
000153r 1  20 rr rr     	jsr     decsp2
000156r 1  A0 03        	ldy     #$03
000158r 1  20 rr rr     	jsr     ldaxysp
00015Br 1  20 rr rr     	jsr     _strlen
00015Er 1  E0 00        	cpx     #$00
000160r 1  D0 02        	bne     L0003
000162r 1  C9 21        	cmp     #$21
000164r 1  B0 14        L0003:	bcs     L0002
000166r 1  A0 04        	ldy     #$04
000168r 1  B1 rr        	lda     (c_sp),y
00016Ar 1  20 rr rr     	jsr     pusha
00016Dr 1  A9 17        	lda     #$17
00016Fr 1  20 rr rr     	jsr     pusha
000172r 1  A0 05        	ldy     #$05
000174r 1  20 rr rr     	jsr     ldaxysp
000177r 1  4C rr rr     	jmp     L0010
00017Ar 1  A9 20        L0002:	lda     #$20
00017Cr 1  A0 01        	ldy     #$01
00017Er 1  91 rr        L0013:	sta     (c_sp),y
000180r 1  B1 rr        	lda     (c_sp),y
000182r 1  F0 1C        	beq     L001B
000184r 1  A0 03        	ldy     #$03
000186r 1  20 rr rr     	jsr     ldptr1ysp
000189r 1  A0 01        	ldy     #$01
00018Br 1  B1 rr        	lda     (c_sp),y
00018Dr 1  A8           	tay
00018Er 1  B1 rr        	lda     (ptr1),y
000190r 1  C9 20        	cmp     #$20
000192r 1  F0 0A        	beq     L0005
000194r 1  A0 01        	ldy     #$01
000196r 1  B1 rr        	lda     (c_sp),y
000198r 1  38           	sec
000199r 1  E9 01        	sbc     #$01
00019Br 1  4C rr rr     	jmp     L0013
00019Er 1  A0 01        L0005:	ldy     #$01
0001A0r 1  B1 rr        L001B:	lda     (c_sp),y
0001A2r 1  D0 04        	bne     L0018
0001A4r 1  A9 20        	lda     #$20
0001A6r 1  91 rr        	sta     (c_sp),y
0001A8r 1  8C rr rr     L0018:	sty     _tallStatus
0001ABr 1  A9 00        	lda     #$00
0001ADr 1  88           	dey
0001AEr 1  91 rr        L0014:	sta     (c_sp),y
0001B0r 1  C9 20        	cmp     #$20
0001B2r 1  B0 34        	bcs     L0019
0001B4r 1  B1 rr        	lda     (c_sp),y
0001B6r 1  20 rr rr     	jsr     pusha
0001B9r 1  A9 16        	lda     #$16
0001BBr 1  20 rr rr     	jsr     pusha
0001BEr 1  A9 20        	lda     #$20
0001C0r 1  20 rr rr     	jsr     pusha
0001C3r 1  A9 40        	lda     #$40
0001C5r 1  20 rr rr     	jsr     _put
0001C8r 1  A0 00        	ldy     #$00
0001CAr 1  B1 rr        	lda     (c_sp),y
0001CCr 1  20 rr rr     	jsr     pusha
0001CFr 1  A9 17        	lda     #$17
0001D1r 1  20 rr rr     	jsr     pusha
0001D4r 1  A9 20        	lda     #$20
0001D6r 1  20 rr rr     	jsr     pusha
0001D9r 1  A9 40        	lda     #$40
0001DBr 1  20 rr rr     	jsr     _put
0001DEr 1  A0 00        	ldy     #$00
0001E0r 1  18           	clc
0001E1r 1  A9 01        	lda     #$01
0001E3r 1  71 rr        	adc     (c_sp),y
0001E5r 1  4C rr rr     	jmp     L0014
0001E8r 1  98           L0019:	tya
0001E9r 1  20 rr rr     	jsr     pusha
0001ECr 1  A9 16        	lda     #$16
0001EEr 1  20 rr rr     	jsr     pusha
0001F1r 1  A0 07        	ldy     #$07
0001F3r 1  20 rr rr     	jsr     pushwysp
0001F6r 1  A0 05        	ldy     #$05
0001F8r 1  B1 rr        	lda     (c_sp),y
0001FAr 1  20 rr rr     	jsr     _putStatus
0001FDr 1  A9 00        	lda     #$00
0001FFr 1  20 rr rr     	jsr     pusha
000202r 1  A9 17        	lda     #$17
000204r 1  20 rr rr     	jsr     pusha
000207r 1  A0 03        	ldy     #$03
000209r 1  B1 rr        	lda     (c_sp),y
00020Br 1  18           	clc
00020Cr 1  C8           	iny
00020Dr 1  71 rr        	adc     (c_sp),y
00020Fr 1  85 rr        	sta     sreg
000211r 1  A9 00        	lda     #$00
000213r 1  C8           	iny
000214r 1  71 rr        	adc     (c_sp),y
000216r 1  85 rr        	sta     sreg+1
000218r 1  20 rr rr     	jsr     ldptr1ysp
00021Br 1  A0 03        	ldy     #$03
00021Dr 1  B1 rr        	lda     (c_sp),y
00021Fr 1  A8           	tay
000220r 1  B1 rr        	lda     (ptr1),y
000222r 1  C9 20        	cmp     #$20
000224r 1  20 rr rr     	jsr     booleq
000227r 1  18           	clc
000228r 1  65 rr        	adc     sreg
00022Ar 1  A6 rr        	ldx     sreg+1
00022Cr 1  90 01        	bcc     L0010
00022Er 1  E8           	inx
00022Fr 1  20 rr rr     L0010:	jsr     pushax
000232r 1  A9 20        	lda     #$20
000234r 1  20 rr rr     	jsr     _putStatus
000237r 1  4C rr rr     	jmp     incsp5
00023Ar 1               
00023Ar 1               .endproc
00023Ar 1               
00023Ar 1               ; ---------------------------------------------------------------
00023Ar 1               ; void __near__ drawStatusText (const char *s)
00023Ar 1               ; ---------------------------------------------------------------
00023Ar 1               
00023Ar 1               .segment	"CODE"
00023Ar 1               
00023Ar 1               .proc	_drawStatusText: near
00023Ar 1               
00023Ar 1               .segment	"CODE"
00023Ar 1               
00023Ar 1  20 rr rr     	jsr     pushax
00023Dr 1  20 rr rr     	jsr     _clearStatusBar
000240r 1  A9 00        	lda     #$00
000242r 1  20 rr rr     	jsr     pusha
000245r 1  A0 02        	ldy     #$02
000247r 1  20 rr rr     	jsr     ldaxysp
00024Ar 1  20 rr rr     	jsr     _drawStatusTextAt
00024Dr 1  4C rr rr     	jmp     incsp2
000250r 1               
000250r 1               .endproc
000250r 1               
000250r 1               ; ---------------------------------------------------------------
000250r 1               ; void __near__ drawStatusTimer (void)
000250r 1               ; ---------------------------------------------------------------
000250r 1               
000250r 1               .segment	"CODE"
000250r 1               
000250r 1               .proc	_drawStatusTimer: near
000250r 1               
000250r 1               .segment	"CODE"
000250r 1               
000250r 1  60           	rts
000251r 1               
000251r 1               .endproc
000251r 1               
000251r 1               ; ---------------------------------------------------------------
000251r 1               ; void __near__ drawText (unsigned char x, unsigned char y, const char *s)
000251r 1               ; ---------------------------------------------------------------
000251r 1               
000251r 1               .segment	"CODE"
000251r 1               
000251r 1               .proc	_drawText: near
000251r 1               
000251r 1               .segment	"CODE"
000251r 1               
000251r 1  20 rr rr     	jsr     pushax
000254r 1  A0 03        	ldy     #$03
000256r 1  B1 rr        	lda     (c_sp),y
000258r 1  20 rr rr     	jsr     pusha
00025Br 1  A0 03        	ldy     #$03
00025Dr 1  B1 rr        	lda     (c_sp),y
00025Fr 1  20 rr rr     	jsr     pusha
000262r 1  A0 05        	ldy     #$05
000264r 1  20 rr rr     	jsr     pushwysp
000267r 1  A9 00        	lda     #$00
000269r 1  20 rr rr     	jsr     _putText
00026Cr 1  4C rr rr     	jmp     incsp4
00026Fr 1               
00026Fr 1               .endproc
00026Fr 1               
00026Fr 1               ; ---------------------------------------------------------------
00026Fr 1               ; void __near__ drawCard (unsigned char x, unsigned char y, unsigned char partial, const char *s, unsigned char isHidden)
00026Fr 1               ; ---------------------------------------------------------------
00026Fr 1               
00026Fr 1               .segment	"CODE"
00026Fr 1               
00026Fr 1               .proc	_drawCard: near
00026Fr 1               
00026Fr 1               .segment	"CODE"
00026Fr 1               
00026Fr 1  20 rr rr     	jsr     pusha
000272r 1  20 rr rr     	jsr     decsp5
000275r 1  A0 0A        	ldy     #$0A
000277r 1  B1 rr        	lda     (c_sp),y
000279r 1  C9 1D        	cmp     #$1D
00027Br 1  D0 44        	bne     L0002
00027Dr 1  A0 07        	ldy     #$07
00027Fr 1  20 rr rr     	jsr     ldptr1ysp
000282r 1  A0 00        	ldy     #$00
000284r 1  B1 rr        	lda     (ptr1),y
000286r 1  C9 3F        	cmp     #$3F
000288r 1  F0 37        	beq     L0002
00028Ar 1  A0 0A        	ldy     #$0A
00028Cr 1  B1 rr        	lda     (c_sp),y
00028Er 1  20 rr rr     	jsr     pusha
000291r 1  A0 0A        	ldy     #$0A
000293r 1  B1 rr        	lda     (c_sp),y
000295r 1  18           	clc
000296r 1  69 01        	adc     #$01
000298r 1  20 rr rr     	jsr     _peek
00029Br 1  C9 9E        	cmp     #$9E
00029Dr 1  D0 22        	bne     L0002
00029Fr 1  A0 0A        	ldy     #$0A
0002A1r 1  B1 rr        	lda     (c_sp),y
0002A3r 1  18           	clc
0002A4r 1  69 01        	adc     #$01
0002A6r 1  20 rr rr     	jsr     pusha
0002A9r 1  A0 0A        	ldy     #$0A
0002ABr 1  B1 rr        	lda     (c_sp),y
0002ADr 1  20 rr rr     	jsr     pusha
0002B0r 1  A9 02        	lda     #$02
0002B2r 1  20 rr rr     	jsr     pusha
0002B5r 1  A9 rr        	lda     #<(S0006)
0002B7r 1  A2 rr        	ldx     #>(S0006)
0002B9r 1  20 rr rr     	jsr     pushax
0002BCr 1  A9 00        	lda     #$00
0002BEr 1  20 rr rr     	jsr     _drawCard
0002C1r 1  A0 08        L0002:	ldy     #$08
0002C3r 1  B1 rr        	lda     (c_sp),y
0002C5r 1  C9 01        	cmp     #$01
0002C7r 1  F0 03 4C rr  	jne     L003F
0002CBr 1  rr           
0002CCr 1  A0 0A        	ldy     #$0A
0002CEr 1  B1 rr        	lda     (c_sp),y
0002D0r 1  20 rr rr     	jsr     pusha
0002D3r 1  A0 0A        	ldy     #$0A
0002D5r 1  B1 rr        	lda     (c_sp),y
0002D7r 1  20 rr rr     	jsr     pusha
0002DAr 1  A0 0B        	ldy     #$0B
0002DCr 1  18           	clc
0002DDr 1  A9 01        	lda     #$01
0002DFr 1  71 rr        	adc     (c_sp),y
0002E1r 1  91 rr        	sta     (c_sp),y
0002E3r 1  A9 80        	lda     #$80
0002E5r 1  20 rr rr     	jsr     pusha
0002E8r 1  20 rr rr     	jsr     _put
0002EBr 1  A0 0A        	ldy     #$0A
0002EDr 1  B1 rr        	lda     (c_sp),y
0002EFr 1  20 rr rr     	jsr     pusha
0002F2r 1  A0 0A        	ldy     #$0A
0002F4r 1  B1 rr        	lda     (c_sp),y
0002F6r 1  20 rr rr     	jsr     pusha
0002F9r 1  A0 0B        	ldy     #$0B
0002FBr 1  18           	clc
0002FCr 1  A9 01        	lda     #$01
0002FEr 1  71 rr        	adc     (c_sp),y
000300r 1  91 rr        	sta     (c_sp),y
000302r 1  A9 9E        	lda     #$9E
000304r 1  20 rr rr     	jsr     pusha
000307r 1  A9 94        	lda     #$94
000309r 1  20 rr rr     	jsr     _put
00030Cr 1  A0 0A        	ldy     #$0A
00030Er 1  B1 rr        	lda     (c_sp),y
000310r 1  20 rr rr     	jsr     pusha
000313r 1  A0 0A        	ldy     #$0A
000315r 1  B1 rr        	lda     (c_sp),y
000317r 1  20 rr rr     	jsr     pusha
00031Ar 1  A0 0B        	ldy     #$0B
00031Cr 1  18           	clc
00031Dr 1  A9 01        	lda     #$01
00031Fr 1  71 rr        	adc     (c_sp),y
000321r 1  91 rr        	sta     (c_sp),y
000323r 1  A9 A0        	lda     #$A0
000325r 1  20 rr rr     	jsr     pusha
000328r 1  A9 96        	lda     #$96
00032Ar 1  20 rr rr     	jsr     _put
00032Dr 1  A0 0A        	ldy     #$0A
00032Fr 1  B1 rr        	lda     (c_sp),y
000331r 1  20 rr rr     	jsr     pusha
000334r 1  A0 0A        	ldy     #$0A
000336r 1  B1 rr        	lda     (c_sp),y
000338r 1  20 rr rr     	jsr     pusha
00033Br 1  A0 0B        	ldy     #$0B
00033Dr 1  18           	clc
00033Er 1  A9 01        	lda     #$01
000340r 1  71 rr        	adc     (c_sp),y
000342r 1  91 rr        	sta     (c_sp),y
000344r 1  A9 A2        	lda     #$A2
000346r 1  20 rr rr     	jsr     pusha
000349r 1  A9 98        	lda     #$98
00034Br 1  20 rr rr     	jsr     _put
00034Er 1  A0 0A        	ldy     #$0A
000350r 1  B1 rr        	lda     (c_sp),y
000352r 1  20 rr rr     	jsr     pusha
000355r 1  A0 0A        	ldy     #$0A
000357r 1  B1 rr        	lda     (c_sp),y
000359r 1  20 rr rr     	jsr     pusha
00035Cr 1  A0 0B        	ldy     #$0B
00035Er 1  18           	clc
00035Fr 1  A9 01        	lda     #$01
000361r 1  71 rr        	adc     (c_sp),y
000363r 1  91 rr        	sta     (c_sp),y
000365r 1  A9 81        	lda     #$81
000367r 1  20 rr rr     	jsr     pusha
00036Ar 1  4C rr rr     	jmp     L0037
00036Dr 1  B1 rr        L003F:	lda     (c_sp),y
00036Fr 1  C9 02        	cmp     #$02
000371r 1  F0 03 4C rr  	jne     L0008
000375r 1  rr           
000376r 1  A0 0A        	ldy     #$0A
000378r 1  18           	clc
000379r 1  A9 01        	lda     #$01
00037Br 1  71 rr        	adc     (c_sp),y
00037Dr 1  91 rr        	sta     (c_sp),y
00037Fr 1  20 rr rr     	jsr     pusha
000382r 1  A0 0A        	ldy     #$0A
000384r 1  B1 rr        	lda     (c_sp),y
000386r 1  20 rr rr     	jsr     pusha
000389r 1  A0 0B        	ldy     #$0B
00038Br 1  18           	clc
00038Cr 1  A9 01        	lda     #$01
00038Er 1  71 rr        	adc     (c_sp),y
000390r 1  91 rr        	sta     (c_sp),y
000392r 1  A9 84        	lda     #$84
000394r 1  20 rr rr     	jsr     pusha
000397r 1  20 rr rr     	jsr     _put
00039Ar 1  A0 0A        	ldy     #$0A
00039Cr 1  B1 rr        	lda     (c_sp),y
00039Er 1  20 rr rr     	jsr     pusha
0003A1r 1  A0 0A        	ldy     #$0A
0003A3r 1  B1 rr        	lda     (c_sp),y
0003A5r 1  20 rr rr     	jsr     pusha
0003A8r 1  A0 0B        	ldy     #$0B
0003AAr 1  18           	clc
0003ABr 1  A9 01        	lda     #$01
0003ADr 1  71 rr        	adc     (c_sp),y
0003AFr 1  91 rr        	sta     (c_sp),y
0003B1r 1  A9 9B        	lda     #$9B
0003B3r 1  20 rr rr     	jsr     pusha
0003B6r 1  A9 91        	lda     #$91
0003B8r 1  20 rr rr     	jsr     _put
0003BBr 1  A0 0A        	ldy     #$0A
0003BDr 1  B1 rr        	lda     (c_sp),y
0003BFr 1  20 rr rr     	jsr     pusha
0003C2r 1  A0 0A        	ldy     #$0A
0003C4r 1  B1 rr        	lda     (c_sp),y
0003C6r 1  20 rr rr     	jsr     pusha
0003C9r 1  A0 0B        	ldy     #$0B
0003CBr 1  18           	clc
0003CCr 1  A9 01        	lda     #$01
0003CEr 1  71 rr        	adc     (c_sp),y
0003D0r 1  91 rr        	sta     (c_sp),y
0003D2r 1  A9 9C        	lda     #$9C
0003D4r 1  20 rr rr     	jsr     pusha
0003D7r 1  A9 92        	lda     #$92
0003D9r 1  20 rr rr     	jsr     _put
0003DCr 1  A0 0A        	ldy     #$0A
0003DEr 1  B1 rr        	lda     (c_sp),y
0003E0r 1  20 rr rr     	jsr     pusha
0003E3r 1  A0 0A        	ldy     #$0A
0003E5r 1  B1 rr        	lda     (c_sp),y
0003E7r 1  20 rr rr     	jsr     pusha
0003EAr 1  A0 0B        	ldy     #$0B
0003ECr 1  18           	clc
0003EDr 1  A9 01        	lda     #$01
0003EFr 1  71 rr        	adc     (c_sp),y
0003F1r 1  91 rr        	sta     (c_sp),y
0003F3r 1  A9 9D        	lda     #$9D
0003F5r 1  20 rr rr     	jsr     pusha
0003F8r 1  A9 93        	lda     #$93
0003FAr 1  20 rr rr     	jsr     _put
0003FDr 1  A0 0A        	ldy     #$0A
0003FFr 1  B1 rr        	lda     (c_sp),y
000401r 1  20 rr rr     	jsr     pusha
000404r 1  A0 0A        	ldy     #$0A
000406r 1  B1 rr        	lda     (c_sp),y
000408r 1  20 rr rr     	jsr     pusha
00040Br 1  A0 0B        	ldy     #$0B
00040Dr 1  18           	clc
00040Er 1  A9 01        	lda     #$01
000410r 1  71 rr        	adc     (c_sp),y
000412r 1  91 rr        	sta     (c_sp),y
000414r 1  A9 85        	lda     #$85
000416r 1  20 rr rr     	jsr     pusha
000419r 1  4C rr rr     	jmp     L0037
00041Cr 1  A0 0A        L0008:	ldy     #$0A
00041Er 1  B1 rr        	lda     (c_sp),y
000420r 1  20 rr rr     	jsr     pusha
000423r 1  A0 0A        	ldy     #$0A
000425r 1  B1 rr        	lda     (c_sp),y
000427r 1  20 rr rr     	jsr     pusha
00042Ar 1  A0 07        	ldy     #$07
00042Cr 1  B1 rr        	lda     (c_sp),y
00042Er 1  F0 13        	beq     L0043
000430r 1  A0 09        	ldy     #$09
000432r 1  20 rr rr     	jsr     ldptr1ysp
000435r 1  A0 00        	ldy     #$00
000437r 1  B1 rr        	lda     (ptr1),y
000439r 1  C9 3F        	cmp     #$3F
00043Br 1  D0 04        	bne     L0042
00043Dr 1  98           	tya
00043Er 1  4C rr rr     	jmp     L0043
000441r 1  A9 01        L0042:	lda     #$01
000443r 1  20 rr rr     L0043:	jsr     _shadeCard
000446r 1  A0 07        	ldy     #$07
000448r 1  20 rr rr     	jsr     ldaxysp
00044Br 1  20 rr rr     	jsr     incax1
00044Er 1  85 rr        	sta     ptr1
000450r 1  86 rr        	stx     ptr1+1
000452r 1  A0 00        	ldy     #$00
000454r 1  B1 rr        	lda     (ptr1),y
000456r 1  C9 63        	cmp     #$63
000458r 1  F0 25        	beq     L0046
00045Ar 1  C9 64        	cmp     #$64
00045Cr 1  F0 16        	beq     L0045
00045Er 1  C9 68        	cmp     #$68
000460r 1  F0 07        	beq     L0044
000462r 1  C9 73        	cmp     #$73
000464r 1  F0 29        	beq     L0047
000466r 1  4C rr rr     	jmp     L0048
000469r 1  A9 BA        L0044:	lda     #$BA
00046Br 1  A0 03        	ldy     #$03
00046Dr 1  91 rr        	sta     (c_sp),y
00046Fr 1  A9 B8        	lda     #$B8
000471r 1  4C rr rr     	jmp     L005C
000474r 1  A9 B9        L0045:	lda     #$B9
000476r 1  A0 03        	ldy     #$03
000478r 1  91 rr        	sta     (c_sp),y
00047Ar 1  A9 B7        	lda     #$B7
00047Cr 1  4C rr rr     	jmp     L005C
00047Fr 1  A9 B8        L0046:	lda     #$B8
000481r 1  A0 03        	ldy     #$03
000483r 1  91 rr        	sta     (c_sp),y
000485r 1  A9 BA        	lda     #$BA
000487r 1  88           	dey
000488r 1  91 rr        	sta     (c_sp),y
00048Ar 1  A9 AA        	lda     #$AA
00048Cr 1  4C rr rr     	jmp     L0054
00048Fr 1  A9 B7        L0047:	lda     #$B7
000491r 1  A0 03        	ldy     #$03
000493r 1  91 rr        	sta     (c_sp),y
000495r 1  A9 B9        	lda     #$B9
000497r 1  88           	dey
000498r 1  91 rr        	sta     (c_sp),y
00049Ar 1  A9 AA        	lda     #$AA
00049Cr 1  4C rr rr     	jmp     L0054
00049Fr 1  A9 86        L0048:	lda     #$86
0004A1r 1  A0 03        	ldy     #$03
0004A3r 1  91 rr        	sta     (c_sp),y
0004A5r 1  A9 90        	lda     #$90
0004A7r 1  88           L005C:	dey
0004A8r 1  91 rr        	sta     (c_sp),y
0004AAr 1  A9 9D        	lda     #$9D
0004ACr 1  88           L0054:	dey
0004ADr 1  91 rr        	sta     (c_sp),y
0004AFr 1  A0 07        	ldy     #$07
0004B1r 1  20 rr rr     	jsr     ldptr1ysp
0004B4r 1  A0 00        	ldy     #$00
0004B6r 1  B1 rr        	lda     (ptr1),y
0004B8r 1  C9 3F        	cmp     #$3F
0004BAr 1  F0 03 4C rr  	jne     L0014
0004BEr 1  rr           
0004BFr 1  A0 0A        	ldy     #$0A
0004C1r 1  B1 rr        	lda     (c_sp),y
0004C3r 1  C9 1E        	cmp     #$1E
0004C5r 1  A9 00        	lda     #$00
0004C7r 1  90 3F        	bcc     L004A
0004C9r 1  A8           	tay
0004CAr 1  91 rr        L0039:	sta     (c_sp),y
0004CCr 1  C9 05        	cmp     #$05
0004CEr 1  B0 2C        	bcs     L0017
0004D0r 1  A0 0A        	ldy     #$0A
0004D2r 1  B1 rr        	lda     (c_sp),y
0004D4r 1  38           	sec
0004D5r 1  E9 07        	sbc     #$07
0004D7r 1  20 rr rr     	jsr     pusha
0004DAr 1  A0 01        	ldy     #$01
0004DCr 1  B1 rr        	lda     (c_sp),y
0004DEr 1  18           	clc
0004DFr 1  A0 0A        	ldy     #$0A
0004E1r 1  71 rr        	adc     (c_sp),y
0004E3r 1  20 rr rr     	jsr     pusha
0004E6r 1  A9 rr        	lda     #<(S0007)
0004E8r 1  A2 rr        	ldx     #>(S0007)
0004EAr 1  20 rr rr     	jsr     pushax
0004EDr 1  A9 00        	lda     #$00
0004EFr 1  20 rr rr     	jsr     _putText
0004F2r 1  A0 00        	ldy     #$00
0004F4r 1  18           	clc
0004F5r 1  A9 01        	lda     #$01
0004F7r 1  71 rr        	adc     (c_sp),y
0004F9r 1  4C rr rr     	jmp     L0039
0004FCr 1  A0 0A        L0017:	ldy     #$0A
0004FEr 1  B1 rr        	lda     (c_sp),y
000500r 1  38           	sec
000501r 1  E9 01        	sbc     #$01
000503r 1  91 rr        	sta     (c_sp),y
000505r 1  4C rr rr     	jmp     L004C
000508r 1  A8           L004A:	tay
000509r 1  91 rr        L003A:	sta     (c_sp),y
00050Br 1  C9 05        	cmp     #$05
00050Dr 1  B0 2C        	bcs     L001C
00050Fr 1  A0 0A        	ldy     #$0A
000511r 1  B1 rr        	lda     (c_sp),y
000513r 1  18           	clc
000514r 1  69 03        	adc     #$03
000516r 1  20 rr rr     	jsr     pusha
000519r 1  A0 01        	ldy     #$01
00051Br 1  B1 rr        	lda     (c_sp),y
00051Dr 1  18           	clc
00051Er 1  A0 0A        	ldy     #$0A
000520r 1  71 rr        	adc     (c_sp),y
000522r 1  20 rr rr     	jsr     pusha
000525r 1  A9 rr        	lda     #<(S0008)
000527r 1  A2 rr        	ldx     #>(S0008)
000529r 1  20 rr rr     	jsr     pushax
00052Cr 1  A9 00        	lda     #$00
00052Er 1  20 rr rr     	jsr     _putText
000531r 1  A0 00        	ldy     #$00
000533r 1  18           	clc
000534r 1  A9 01        	lda     #$01
000536r 1  71 rr        	adc     (c_sp),y
000538r 1  4C rr rr     	jmp     L003A
00053Br 1  A0 0A        L001C:	ldy     #$0A
00053Dr 1  B1 rr        L004C:	lda     (c_sp),y
00053Fr 1  20 rr rr     	jsr     pusha
000542r 1  A0 0A        	ldy     #$0A
000544r 1  B1 rr        	lda     (c_sp),y
000546r 1  20 rr rr     	jsr     pusha
000549r 1  A9 80        	lda     #$80
00054Br 1  20 rr rr     	jsr     pusha
00054Er 1  20 rr rr     	jsr     _put
000551r 1  A0 0A        	ldy     #$0A
000553r 1  B1 rr        	lda     (c_sp),y
000555r 1  18           	clc
000556r 1  69 01        	adc     #$01
000558r 1  20 rr rr     	jsr     pusha
00055Br 1  A0 0A        	ldy     #$0A
00055Dr 1  B1 rr        	lda     (c_sp),y
00055Fr 1  20 rr rr     	jsr     pusha
000562r 1  A9 82        	lda     #$82
000564r 1  20 rr rr     	jsr     pusha
000567r 1  20 rr rr     	jsr     _put
00056Ar 1  A0 0A        	ldy     #$0A
00056Cr 1  B1 rr        	lda     (c_sp),y
00056Er 1  18           	clc
00056Fr 1  69 02        	adc     #$02
000571r 1  20 rr rr     	jsr     pusha
000574r 1  A0 0A        	ldy     #$0A
000576r 1  B1 rr        	lda     (c_sp),y
000578r 1  20 rr rr     	jsr     pusha
00057Br 1  A9 97        	lda     #$97
00057Dr 1  20 rr rr     	jsr     pusha
000580r 1  A9 88        	lda     #$88
000582r 1  20 rr rr     	jsr     _put
000585r 1  A0 09        	ldy     #$09
000587r 1  18           	clc
000588r 1  A9 01        	lda     #$01
00058Ar 1  71 rr        	adc     (c_sp),y
00058Cr 1  91 rr        	sta     (c_sp),y
00058Er 1  C8           	iny
00058Fr 1  B1 rr        	lda     (c_sp),y
000591r 1  20 rr rr     	jsr     pusha
000594r 1  A0 0A        	ldy     #$0A
000596r 1  B1 rr        	lda     (c_sp),y
000598r 1  20 rr rr     	jsr     pusha
00059Br 1  A9 9E        	lda     #$9E
00059Dr 1  20 rr rr     	jsr     pusha
0005A0r 1  A9 94        	lda     #$94
0005A2r 1  20 rr rr     	jsr     _put
0005A5r 1  A0 0A        	ldy     #$0A
0005A7r 1  B1 rr        	lda     (c_sp),y
0005A9r 1  18           	clc
0005AAr 1  69 01        	adc     #$01
0005ACr 1  20 rr rr     	jsr     pusha
0005AFr 1  A0 0A        	ldy     #$0A
0005B1r 1  B1 rr        	lda     (c_sp),y
0005B3r 1  20 rr rr     	jsr     pusha
0005B6r 1  A9 9F        	lda     #$9F
0005B8r 1  20 rr rr     	jsr     pusha
0005BBr 1  A9 95        	lda     #$95
0005BDr 1  20 rr rr     	jsr     _put
0005C0r 1  A0 0A        	ldy     #$0A
0005C2r 1  B1 rr        	lda     (c_sp),y
0005C4r 1  18           	clc
0005C5r 1  69 02        	adc     #$02
0005C7r 1  20 rr rr     	jsr     pusha
0005CAr 1  A0 0A        	ldy     #$0A
0005CCr 1  B1 rr        	lda     (c_sp),y
0005CEr 1  20 rr rr     	jsr     pusha
0005D1r 1  A9 86        	lda     #$86
0005D3r 1  20 rr rr     	jsr     pusha
0005D6r 1  20 rr rr     	jsr     _put
0005D9r 1  A0 09        	ldy     #$09
0005DBr 1  18           	clc
0005DCr 1  A9 01        	lda     #$01
0005DEr 1  71 rr        	adc     (c_sp),y
0005E0r 1  91 rr        	sta     (c_sp),y
0005E2r 1  C8           	iny
0005E3r 1  B1 rr        	lda     (c_sp),y
0005E5r 1  20 rr rr     	jsr     pusha
0005E8r 1  A0 0A        	ldy     #$0A
0005EAr 1  B1 rr        	lda     (c_sp),y
0005ECr 1  20 rr rr     	jsr     pusha
0005EFr 1  A9 A0        	lda     #$A0
0005F1r 1  20 rr rr     	jsr     pusha
0005F4r 1  A9 96        	lda     #$96
0005F6r 1  20 rr rr     	jsr     _put
0005F9r 1  A0 0A        	ldy     #$0A
0005FBr 1  B1 rr        	lda     (c_sp),y
0005FDr 1  18           	clc
0005FEr 1  69 01        	adc     #$01
000600r 1  20 rr rr     	jsr     pusha
000603r 1  A0 0A        	ldy     #$0A
000605r 1  B1 rr        	lda     (c_sp),y
000607r 1  20 rr rr     	jsr     pusha
00060Ar 1  A9 A1        	lda     #$A1
00060Cr 1  20 rr rr     	jsr     pusha
00060Fr 1  A9 97        	lda     #$97
000611r 1  20 rr rr     	jsr     _put
000614r 1  A0 0A        	ldy     #$0A
000616r 1  B1 rr        	lda     (c_sp),y
000618r 1  18           	clc
000619r 1  69 02        	adc     #$02
00061Br 1  20 rr rr     	jsr     pusha
00061Er 1  A0 0A        	ldy     #$0A
000620r 1  B1 rr        	lda     (c_sp),y
000622r 1  20 rr rr     	jsr     pusha
000625r 1  A9 86        	lda     #$86
000627r 1  20 rr rr     	jsr     pusha
00062Ar 1  20 rr rr     	jsr     _put
00062Dr 1  A0 09        	ldy     #$09
00062Fr 1  18           	clc
000630r 1  A9 01        	lda     #$01
000632r 1  71 rr        	adc     (c_sp),y
000634r 1  91 rr        	sta     (c_sp),y
000636r 1  C8           	iny
000637r 1  B1 rr        	lda     (c_sp),y
000639r 1  20 rr rr     	jsr     pusha
00063Cr 1  A0 0A        	ldy     #$0A
00063Er 1  B1 rr        	lda     (c_sp),y
000640r 1  20 rr rr     	jsr     pusha
000643r 1  A9 A2        	lda     #$A2
000645r 1  20 rr rr     	jsr     pusha
000648r 1  A9 98        	lda     #$98
00064Ar 1  20 rr rr     	jsr     _put
00064Dr 1  A0 0A        	ldy     #$0A
00064Fr 1  B1 rr        	lda     (c_sp),y
000651r 1  18           	clc
000652r 1  69 01        	adc     #$01
000654r 1  20 rr rr     	jsr     pusha
000657r 1  A0 0A        	ldy     #$0A
000659r 1  B1 rr        	lda     (c_sp),y
00065Br 1  20 rr rr     	jsr     pusha
00065Er 1  A9 A3        	lda     #$A3
000660r 1  20 rr rr     	jsr     pusha
000663r 1  A9 99        	lda     #$99
000665r 1  20 rr rr     	jsr     _put
000668r 1  A0 0A        	ldy     #$0A
00066Ar 1  B1 rr        	lda     (c_sp),y
00066Cr 1  18           	clc
00066Dr 1  69 02        	adc     #$02
00066Fr 1  20 rr rr     	jsr     pusha
000672r 1  A0 0A        	ldy     #$0A
000674r 1  B1 rr        	lda     (c_sp),y
000676r 1  20 rr rr     	jsr     pusha
000679r 1  A9 86        	lda     #$86
00067Br 1  20 rr rr     	jsr     pusha
00067Er 1  20 rr rr     	jsr     _put
000681r 1  A0 09        	ldy     #$09
000683r 1  18           	clc
000684r 1  A9 01        	lda     #$01
000686r 1  71 rr        	adc     (c_sp),y
000688r 1  91 rr        	sta     (c_sp),y
00068Ar 1  C8           	iny
00068Br 1  B1 rr        	lda     (c_sp),y
00068Dr 1  20 rr rr     	jsr     pusha
000690r 1  A0 0A        	ldy     #$0A
000692r 1  B1 rr        	lda     (c_sp),y
000694r 1  20 rr rr     	jsr     pusha
000697r 1  A9 81        	lda     #$81
000699r 1  20 rr rr     	jsr     pusha
00069Cr 1  20 rr rr     	jsr     _put
00069Fr 1  A0 0A        	ldy     #$0A
0006A1r 1  B1 rr        	lda     (c_sp),y
0006A3r 1  18           	clc
0006A4r 1  69 01        	adc     #$01
0006A6r 1  20 rr rr     	jsr     pusha
0006A9r 1  A0 0A        	ldy     #$0A
0006ABr 1  B1 rr        	lda     (c_sp),y
0006ADr 1  20 rr rr     	jsr     pusha
0006B0r 1  A9 83        	lda     #$83
0006B2r 1  20 rr rr     	jsr     pusha
0006B5r 1  20 rr rr     	jsr     _put
0006B8r 1  4C rr rr     	jmp     L0064
0006BBr 1  A0 0A        L0014:	ldy     #$0A
0006BDr 1  B1 rr        	lda     (c_sp),y
0006BFr 1  18           	clc
0006C0r 1  69 01        	adc     #$01
0006C2r 1  20 rr rr     	jsr     pusha
0006C5r 1  A0 0A        	ldy     #$0A
0006C7r 1  B1 rr        	lda     (c_sp),y
0006C9r 1  20 rr rr     	jsr     _peek
0006CCr 1  C9 82        	cmp     #$82
0006CEr 1  F0 2F        	beq     L0020
0006D0r 1  A0 0A        	ldy     #$0A
0006D2r 1  B1 rr        	lda     (c_sp),y
0006D4r 1  20 rr rr     	jsr     pusha
0006D7r 1  A0 0A        	ldy     #$0A
0006D9r 1  B1 rr        	lda     (c_sp),y
0006DBr 1  20 rr rr     	jsr     pusha
0006DEr 1  A9 80        	lda     #$80
0006E0r 1  20 rr rr     	jsr     pusha
0006E3r 1  20 rr rr     	jsr     _put
0006E6r 1  A0 0A        	ldy     #$0A
0006E8r 1  B1 rr        	lda     (c_sp),y
0006EAr 1  18           	clc
0006EBr 1  69 01        	adc     #$01
0006EDr 1  20 rr rr     	jsr     pusha
0006F0r 1  A0 0A        	ldy     #$0A
0006F2r 1  B1 rr        	lda     (c_sp),y
0006F4r 1  20 rr rr     	jsr     pusha
0006F7r 1  A9 82        	lda     #$82
0006F9r 1  20 rr rr     	jsr     pusha
0006FCr 1  20 rr rr     	jsr     _put
0006FFr 1  A0 0A        L0020:	ldy     #$0A
000701r 1  B1 rr        	lda     (c_sp),y
000703r 1  18           	clc
000704r 1  69 02        	adc     #$02
000706r 1  20 rr rr     	jsr     pusha
000709r 1  A0 0A        	ldy     #$0A
00070Br 1  B1 rr        	lda     (c_sp),y
00070Dr 1  20 rr rr     	jsr     _peek
000710r 1  C9 20        	cmp     #$20
000712r 1  D0 1B        	bne     L0021
000714r 1  A0 0A        	ldy     #$0A
000716r 1  B1 rr        	lda     (c_sp),y
000718r 1  18           	clc
000719r 1  69 02        	adc     #$02
00071Br 1  20 rr rr     	jsr     pusha
00071Er 1  A0 0A        	ldy     #$0A
000720r 1  B1 rr        	lda     (c_sp),y
000722r 1  20 rr rr     	jsr     pusha
000725r 1  A9 97        	lda     #$97
000727r 1  20 rr rr     	jsr     pusha
00072Ar 1  A9 88        	lda     #$88
00072Cr 1  20 rr rr     	jsr     _put
00072Fr 1  A0 07        L0021:	ldy     #$07
000731r 1  20 rr rr     	jsr     ldptr1ysp
000734r 1  A0 00        	ldy     #$00
000736r 1  B1 rr        	lda     (ptr1),y
000738r 1  C9 61        	cmp     #$61
00073Ar 1  F0 24        	beq     L0050
00073Cr 1  C9 6A        	cmp     #$6A
00073Er 1  F0 11        	beq     L004D
000740r 1  C9 6B        	cmp     #$6B
000742r 1  F0 17        	beq     L004F
000744r 1  C9 71        	cmp     #$71
000746r 1  F0 0E        	beq     L004E
000748r 1  C9 74        	cmp     #$74
00074Ar 1  D0 19        	bne     L0029
00074Cr 1  A9 B2        	lda     #$B2
00074Er 1  4C rr rr     	jmp     L0056
000751r 1  A9 B3        L004D:	lda     #$B3
000753r 1  4C rr rr     	jmp     L0056
000756r 1  A9 B4        L004E:	lda     #$B4
000758r 1  4C rr rr     	jmp     L0056
00075Br 1  A9 B5        L004F:	lda     #$B5
00075Dr 1  4C rr rr     	jmp     L0056
000760r 1  A9 B6        L0050:	lda     #$B6
000762r 1  4C rr rr     	jmp     L0056
000765r 1  A0 07        L0029:	ldy     #$07
000767r 1  20 rr rr     	jsr     ldptr1ysp
00076Ar 1  A2 00        	ldx     #$00
00076Cr 1  A1 rr        	lda     (ptr1,x)
00076Er 1  A0 32        	ldy     #$32
000770r 1  20 rr rr     	jsr     decaxy
000773r 1  A0 AA        	ldy     #$AA
000775r 1  20 rr rr     	jsr     incaxy
000778r 1  A0 04        L0056:	ldy     #$04
00077Ar 1  91 rr        	sta     (c_sp),y
00077Cr 1  A0 09        	ldy     #$09
00077Er 1  18           	clc
00077Fr 1  A9 01        	lda     #$01
000781r 1  71 rr        	adc     (c_sp),y
000783r 1  91 rr        	sta     (c_sp),y
000785r 1  C8           	iny
000786r 1  B1 rr        	lda     (c_sp),y
000788r 1  20 rr rr     	jsr     pusha
00078Br 1  A0 0A        	ldy     #$0A
00078Dr 1  B1 rr        	lda     (c_sp),y
00078Fr 1  20 rr rr     	jsr     pusha
000792r 1  A9 86        	lda     #$86
000794r 1  20 rr rr     	jsr     pusha
000797r 1  A9 90        	lda     #$90
000799r 1  20 rr rr     	jsr     _put
00079Cr 1  A0 0A        	ldy     #$0A
00079Er 1  B1 rr        	lda     (c_sp),y
0007A0r 1  18           	clc
0007A1r 1  69 01        	adc     #$01
0007A3r 1  20 rr rr     	jsr     pusha
0007A6r 1  A0 0A        	ldy     #$0A
0007A8r 1  B1 rr        	lda     (c_sp),y
0007AAr 1  20 rr rr     	jsr     pusha
0007ADr 1  A0 06        	ldy     #$06
0007AFr 1  B1 rr        	lda     (c_sp),y
0007B1r 1  20 rr rr     	jsr     pusha
0007B4r 1  A2 00        	ldx     #$00
0007B6r 1  A0 07        	ldy     #$07
0007B8r 1  B1 rr        	lda     (c_sp),y
0007BAr 1  A0 AA        	ldy     #$AA
0007BCr 1  20 rr rr     	jsr     decaxy
0007BFr 1  18           	clc
0007C0r 1  A0 04        	ldy     #$04
0007C2r 1  71 rr        	adc     (c_sp),y
0007C4r 1  20 rr rr     	jsr     _put
0007C7r 1  A0 0A        	ldy     #$0A
0007C9r 1  B1 rr        	lda     (c_sp),y
0007CBr 1  18           	clc
0007CCr 1  69 02        	adc     #$02
0007CEr 1  20 rr rr     	jsr     pusha
0007D1r 1  A0 0A        	ldy     #$0A
0007D3r 1  B1 rr        	lda     (c_sp),y
0007D5r 1  20 rr rr     	jsr     _peek
0007D8r 1  C9 20        	cmp     #$20
0007DAr 1  D0 19        	bne     L002A
0007DCr 1  A0 0A        	ldy     #$0A
0007DEr 1  B1 rr        	lda     (c_sp),y
0007E0r 1  18           	clc
0007E1r 1  69 02        	adc     #$02
0007E3r 1  20 rr rr     	jsr     pusha
0007E6r 1  A0 0A        	ldy     #$0A
0007E8r 1  B1 rr        	lda     (c_sp),y
0007EAr 1  20 rr rr     	jsr     pusha
0007EDr 1  A9 86        	lda     #$86
0007EFr 1  20 rr rr     	jsr     pusha
0007F2r 1  20 rr rr     	jsr     _put
0007F5r 1  A0 09        L002A:	ldy     #$09
0007F7r 1  18           	clc
0007F8r 1  A9 01        	lda     #$01
0007FAr 1  71 rr        	adc     (c_sp),y
0007FCr 1  91 rr        	sta     (c_sp),y
0007FEr 1  A0 05        	ldy     #$05
000800r 1  B1 rr        	lda     (c_sp),y
000802r 1  F0 39        	beq     L002B
000804r 1  A0 0A        	ldy     #$0A
000806r 1  B1 rr        	lda     (c_sp),y
000808r 1  29 01        	and     #$01
00080Ar 1  F0 33        	beq     L0057
00080Cr 1  B1 rr        	lda     (c_sp),y
00080Er 1  20 rr rr     	jsr     pusha
000811r 1  A0 0A        	ldy     #$0A
000813r 1  B1 rr        	lda     (c_sp),y
000815r 1  20 rr rr     	jsr     pusha
000818r 1  A9 BF        	lda     #$BF
00081Ar 1  20 rr rr     	jsr     pusha
00081Dr 1  A9 9A        	lda     #$9A
00081Fr 1  20 rr rr     	jsr     _put
000822r 1  A0 0A        	ldy     #$0A
000824r 1  B1 rr        	lda     (c_sp),y
000826r 1  18           	clc
000827r 1  69 01        	adc     #$01
000829r 1  20 rr rr     	jsr     pusha
00082Cr 1  A0 0A        	ldy     #$0A
00082Er 1  B1 rr        	lda     (c_sp),y
000830r 1  20 rr rr     	jsr     pusha
000833r 1  A9 C0        	lda     #$C0
000835r 1  20 rr rr     	jsr     pusha
000838r 1  A9 9B        	lda     #$9B
00083Ar 1  4C rr rr     	jmp     L003C
00083Dr 1  A0 0A        L002B:	ldy     #$0A
00083Fr 1  B1 rr        L0057:	lda     (c_sp),y
000841r 1  20 rr rr     	jsr     pusha
000844r 1  A0 0A        	ldy     #$0A
000846r 1  B1 rr        	lda     (c_sp),y
000848r 1  20 rr rr     	jsr     pusha
00084Br 1  A9 86        	lda     #$86
00084Dr 1  20 rr rr     	jsr     pusha
000850r 1  A9 90        	lda     #$90
000852r 1  20 rr rr     	jsr     _put
000855r 1  A0 0A        	ldy     #$0A
000857r 1  B1 rr        	lda     (c_sp),y
000859r 1  18           	clc
00085Ar 1  69 01        	adc     #$01
00085Cr 1  20 rr rr     	jsr     pusha
00085Fr 1  A0 0A        	ldy     #$0A
000861r 1  B1 rr        	lda     (c_sp),y
000863r 1  20 rr rr     	jsr     pusha
000866r 1  A9 20        	lda     #$20
000868r 1  20 rr rr     	jsr     pusha
00086Br 1  A9 9C        	lda     #$9C
00086Dr 1  20 rr rr     L003C:	jsr     _put
000870r 1  A0 0A        	ldy     #$0A
000872r 1  B1 rr        	lda     (c_sp),y
000874r 1  18           	clc
000875r 1  69 02        	adc     #$02
000877r 1  20 rr rr     	jsr     pusha
00087Ar 1  A0 0A        	ldy     #$0A
00087Cr 1  B1 rr        	lda     (c_sp),y
00087Er 1  20 rr rr     	jsr     _peek
000881r 1  C9 20        	cmp     #$20
000883r 1  D0 19        	bne     L0030
000885r 1  A0 0A        	ldy     #$0A
000887r 1  B1 rr        	lda     (c_sp),y
000889r 1  18           	clc
00088Ar 1  69 02        	adc     #$02
00088Cr 1  20 rr rr     	jsr     pusha
00088Fr 1  A0 0A        	ldy     #$0A
000891r 1  B1 rr        	lda     (c_sp),y
000893r 1  20 rr rr     	jsr     pusha
000896r 1  A9 86        	lda     #$86
000898r 1  20 rr rr     	jsr     pusha
00089Br 1  20 rr rr     	jsr     _put
00089Er 1  A0 09        L0030:	ldy     #$09
0008A0r 1  18           	clc
0008A1r 1  A9 01        	lda     #$01
0008A3r 1  71 rr        	adc     (c_sp),y
0008A5r 1  91 rr        	sta     (c_sp),y
0008A7r 1  C8           	iny
0008A8r 1  B1 rr        	lda     (c_sp),y
0008AAr 1  20 rr rr     	jsr     pusha
0008ADr 1  A0 0A        	ldy     #$0A
0008AFr 1  B1 rr        	lda     (c_sp),y
0008B1r 1  20 rr rr     	jsr     pusha
0008B4r 1  A9 86        	lda     #$86
0008B6r 1  20 rr rr     	jsr     pusha
0008B9r 1  A9 90        	lda     #$90
0008BBr 1  20 rr rr     	jsr     _put
0008BEr 1  A0 0A        	ldy     #$0A
0008C0r 1  B1 rr        	lda     (c_sp),y
0008C2r 1  18           	clc
0008C3r 1  69 01        	adc     #$01
0008C5r 1  20 rr rr     	jsr     pusha
0008C8r 1  A0 0A        	ldy     #$0A
0008CAr 1  B1 rr        	lda     (c_sp),y
0008CCr 1  20 rr rr     	jsr     pusha
0008CFr 1  A0 05        	ldy     #$05
0008D1r 1  B1 rr        	lda     (c_sp),y
0008D3r 1  20 rr rr     	jsr     pusha
0008D6r 1  A0 05        	ldy     #$05
0008D8r 1  B1 rr        	lda     (c_sp),y
0008DAr 1  20 rr rr     	jsr     _put
0008DDr 1  A0 0A        	ldy     #$0A
0008DFr 1  B1 rr        	lda     (c_sp),y
0008E1r 1  18           	clc
0008E2r 1  69 02        	adc     #$02
0008E4r 1  20 rr rr     	jsr     pusha
0008E7r 1  A0 0A        	ldy     #$0A
0008E9r 1  B1 rr        	lda     (c_sp),y
0008EBr 1  20 rr rr     	jsr     _peek
0008EEr 1  C9 20        	cmp     #$20
0008F0r 1  D0 19        	bne     L0031
0008F2r 1  A0 0A        	ldy     #$0A
0008F4r 1  B1 rr        	lda     (c_sp),y
0008F6r 1  18           	clc
0008F7r 1  69 02        	adc     #$02
0008F9r 1  20 rr rr     	jsr     pusha
0008FCr 1  A0 0A        	ldy     #$0A
0008FEr 1  B1 rr        	lda     (c_sp),y
000900r 1  20 rr rr     	jsr     pusha
000903r 1  A9 86        	lda     #$86
000905r 1  20 rr rr     	jsr     pusha
000908r 1  20 rr rr     	jsr     _put
00090Br 1  A0 09        L0031:	ldy     #$09
00090Dr 1  18           	clc
00090Er 1  A9 01        	lda     #$01
000910r 1  71 rr        	adc     (c_sp),y
000912r 1  91 rr        	sta     (c_sp),y
000914r 1  C8           	iny
000915r 1  B1 rr        	lda     (c_sp),y
000917r 1  18           	clc
000918r 1  69 01        	adc     #$01
00091Ar 1  20 rr rr     	jsr     pusha
00091Dr 1  A0 0A        	ldy     #$0A
00091Fr 1  B1 rr        	lda     (c_sp),y
000921r 1  20 rr rr     	jsr     _peek
000924r 1  C9 83        	cmp     #$83
000926r 1  F0 2F        	beq     L0032
000928r 1  A0 0A        	ldy     #$0A
00092Ar 1  B1 rr        	lda     (c_sp),y
00092Cr 1  20 rr rr     	jsr     pusha
00092Fr 1  A0 0A        	ldy     #$0A
000931r 1  B1 rr        	lda     (c_sp),y
000933r 1  20 rr rr     	jsr     pusha
000936r 1  A9 81        	lda     #$81
000938r 1  20 rr rr     	jsr     pusha
00093Br 1  20 rr rr     	jsr     _put
00093Er 1  A0 0A        	ldy     #$0A
000940r 1  B1 rr        	lda     (c_sp),y
000942r 1  18           	clc
000943r 1  69 01        	adc     #$01
000945r 1  20 rr rr     	jsr     pusha
000948r 1  A0 0A        	ldy     #$0A
00094Ar 1  B1 rr        	lda     (c_sp),y
00094Cr 1  20 rr rr     	jsr     pusha
00094Fr 1  A9 83        	lda     #$83
000951r 1  20 rr rr     	jsr     pusha
000954r 1  20 rr rr     	jsr     _put
000957r 1  A0 0A        L0032:	ldy     #$0A
000959r 1  B1 rr        	lda     (c_sp),y
00095Br 1  18           	clc
00095Cr 1  69 02        	adc     #$02
00095Er 1  20 rr rr     	jsr     pusha
000961r 1  A0 0A        	ldy     #$0A
000963r 1  B1 rr        	lda     (c_sp),y
000965r 1  20 rr rr     	jsr     _peek
000968r 1  C9 20        	cmp     #$20
00096Ar 1  D0 1B        	bne     L0033
00096Cr 1  A0 0A        L0064:	ldy     #$0A
00096Er 1  B1 rr        	lda     (c_sp),y
000970r 1  18           	clc
000971r 1  69 02        	adc     #$02
000973r 1  20 rr rr     	jsr     pusha
000976r 1  A0 0A        	ldy     #$0A
000978r 1  B1 rr        	lda     (c_sp),y
00097Ar 1  20 rr rr     	jsr     pusha
00097Dr 1  A9 96        	lda     #$96
00097Fr 1  20 rr rr     	jsr     pusha
000982r 1  A9 87        	lda     #$87
000984r 1  20 rr rr     L0037:	jsr     _put
000987r 1  A0 0B        L0033:	ldy     #$0B
000989r 1  4C rr rr     	jmp     addysp
00098Cr 1               
00098Cr 1               .endproc
00098Cr 1               
00098Cr 1               ; ---------------------------------------------------------------
00098Cr 1               ; void __near__ drawChip (unsigned char x, unsigned char y)
00098Cr 1               ; ---------------------------------------------------------------
00098Cr 1               
00098Cr 1               .segment	"CODE"
00098Cr 1               
00098Cr 1               .proc	_drawChip: near
00098Cr 1               
00098Cr 1               .segment	"CODE"
00098Cr 1               
00098Cr 1  20 rr rr     	jsr     pusha
00098Fr 1  A0 01        	ldy     #$01
000991r 1  B1 rr        	lda     (c_sp),y
000993r 1  20 rr rr     	jsr     pusha
000996r 1  A0 01        	ldy     #$01
000998r 1  B1 rr        	lda     (c_sp),y
00099Ar 1  20 rr rr     	jsr     pusha
00099Dr 1  A9 BC        	lda     #$BC
00099Fr 1  20 rr rr     	jsr     pusha
0009A2r 1  A9 8F        	lda     #$8F
0009A4r 1  20 rr rr     	jsr     _put
0009A7r 1  4C rr rr     	jmp     incsp2
0009AAr 1               
0009AAr 1               .endproc
0009AAr 1               
0009AAr 1               ; ---------------------------------------------------------------
0009AAr 1               ; void __near__ drawLine (unsigned char x, unsigned char y, unsigned char w)
0009AAr 1               ; ---------------------------------------------------------------
0009AAr 1               
0009AAr 1               .segment	"CODE"
0009AAr 1               
0009AAr 1               .proc	_drawLine: near
0009AAr 1               
0009AAr 1               .segment	"CODE"
0009AAr 1               
0009AAr 1  20 rr rr     	jsr     pusha
0009ADr 1  A0 02        	ldy     #$02
0009AFr 1  B1 rr        	lda     (c_sp),y
0009B1r 1  20 rr rr     	jsr     pusha
0009B4r 1  A0 02        	ldy     #$02
0009B6r 1  B1 rr        	lda     (c_sp),y
0009B8r 1  20 rr rr     	jsr     pusha
0009BBr 1  A0 02        	ldy     #$02
0009BDr 1  B1 rr        	lda     (c_sp),y
0009BFr 1  20 rr rr     	jsr     pusha
0009C2r 1  A9 01        	lda     #$01
0009C4r 1  20 rr rr     	jsr     _line
0009C7r 1  4C rr rr     	jmp     incsp3
0009CAr 1               
0009CAr 1               .endproc
0009CAr 1               
0009CAr 1               ; ---------------------------------------------------------------
0009CAr 1               ; void __near__ hideLine (unsigned char x, unsigned char y, unsigned char w)
0009CAr 1               ; ---------------------------------------------------------------
0009CAr 1               
0009CAr 1               .segment	"CODE"
0009CAr 1               
0009CAr 1               .proc	_hideLine: near
0009CAr 1               
0009CAr 1               .segment	"CODE"
0009CAr 1               
0009CAr 1  20 rr rr     	jsr     pusha
0009CDr 1  A0 02        	ldy     #$02
0009CFr 1  B1 rr        	lda     (c_sp),y
0009D1r 1  20 rr rr     	jsr     pusha
0009D4r 1  A0 02        	ldy     #$02
0009D6r 1  B1 rr        	lda     (c_sp),y
0009D8r 1  20 rr rr     	jsr     pusha
0009DBr 1  A0 02        	ldy     #$02
0009DDr 1  B1 rr        	lda     (c_sp),y
0009DFr 1  20 rr rr     	jsr     pusha
0009E2r 1  A9 00        	lda     #$00
0009E4r 1  20 rr rr     	jsr     _line
0009E7r 1  4C rr rr     	jmp     incsp3
0009EAr 1               
0009EAr 1               .endproc
0009EAr 1               
0009EAr 1               ; ---------------------------------------------------------------
0009EAr 1               ; void __near__ drawBox (unsigned char x, unsigned char y, unsigned char w, unsigned char h)
0009EAr 1               ; ---------------------------------------------------------------
0009EAr 1               
0009EAr 1               .segment	"CODE"
0009EAr 1               
0009EAr 1               .proc	_drawBox: near
0009EAr 1               
0009EAr 1               .segment	"CODE"
0009EAr 1               
0009EAr 1  20 rr rr     	jsr     pusha
0009EDr 1  20 rr rr     	jsr     decsp1
0009F0r 1  A0 02        	ldy     #$02
0009F2r 1  18           	clc
0009F3r 1  A9 01        	lda     #$01
0009F5r 1  71 rr        	adc     (c_sp),y
0009F7r 1  91 rr        	sta     (c_sp),y
0009F9r 1  88           	dey
0009FAr 1  18           	clc
0009FBr 1  98           	tya
0009FCr 1  71 rr        	adc     (c_sp),y
0009FEr 1  91 rr        	sta     (c_sp),y
000A00r 1  A0 04        	ldy     #$04
000A02r 1  B1 rr        	lda     (c_sp),y
000A04r 1  20 rr rr     	jsr     pusha
000A07r 1  A0 04        	ldy     #$04
000A09r 1  B1 rr        	lda     (c_sp),y
000A0Br 1  20 rr rr     	jsr     pusha
000A0Er 1  A9 A4        	lda     #$A4
000A10r 1  20 rr rr     	jsr     pusha
000A13r 1  A9 89        	lda     #$89
000A15r 1  20 rr rr     	jsr     _put
000A18r 1  A0 02        	ldy     #$02
000A1Ar 1  B1 rr        	lda     (c_sp),y
000A1Cr 1  18           	clc
000A1Dr 1  A0 04        	ldy     #$04
000A1Fr 1  71 rr        	adc     (c_sp),y
000A21r 1  20 rr rr     	jsr     pusha
000A24r 1  A0 04        	ldy     #$04
000A26r 1  B1 rr        	lda     (c_sp),y
000A28r 1  20 rr rr     	jsr     pusha
000A2Br 1  A9 A5        	lda     #$A5
000A2Dr 1  20 rr rr     	jsr     pusha
000A30r 1  A9 8A        	lda     #$8A
000A32r 1  20 rr rr     	jsr     _put
000A35r 1  A0 04        	ldy     #$04
000A37r 1  B1 rr        	lda     (c_sp),y
000A39r 1  20 rr rr     	jsr     pusha
000A3Cr 1  A0 02        	ldy     #$02
000A3Er 1  B1 rr        	lda     (c_sp),y
000A40r 1  18           	clc
000A41r 1  A0 04        	ldy     #$04
000A43r 1  71 rr        	adc     (c_sp),y
000A45r 1  20 rr rr     	jsr     pusha
000A48r 1  A9 A7        	lda     #$A7
000A4Ar 1  20 rr rr     	jsr     pusha
000A4Dr 1  A9 8C        	lda     #$8C
000A4Fr 1  20 rr rr     	jsr     _put
000A52r 1  A0 02        	ldy     #$02
000A54r 1  B1 rr        	lda     (c_sp),y
000A56r 1  18           	clc
000A57r 1  A0 04        	ldy     #$04
000A59r 1  71 rr        	adc     (c_sp),y
000A5Br 1  20 rr rr     	jsr     pusha
000A5Er 1  A0 02        	ldy     #$02
000A60r 1  B1 rr        	lda     (c_sp),y
000A62r 1  18           	clc
000A63r 1  A0 04        	ldy     #$04
000A65r 1  71 rr        	adc     (c_sp),y
000A67r 1  20 rr rr     	jsr     pusha
000A6Ar 1  A9 A8        	lda     #$A8
000A6Cr 1  20 rr rr     	jsr     pusha
000A6Fr 1  A9 8D        	lda     #$8D
000A71r 1  20 rr rr     	jsr     _put
000A74r 1  A9 01        	lda     #$01
000A76r 1  A0 00        	ldy     #$00
000A78r 1  91 rr        L0014:	sta     (c_sp),y
000A7Ar 1  A0 02        	ldy     #$02
000A7Cr 1  D1 rr        	cmp     (c_sp),y
000A7Er 1  B0 49        	bcs     L0016
000A80r 1  A0 00        	ldy     #$00
000A82r 1  B1 rr        	lda     (c_sp),y
000A84r 1  18           	clc
000A85r 1  A0 04        	ldy     #$04
000A87r 1  71 rr        	adc     (c_sp),y
000A89r 1  20 rr rr     	jsr     pusha
000A8Cr 1  A0 04        	ldy     #$04
000A8Er 1  B1 rr        	lda     (c_sp),y
000A90r 1  20 rr rr     	jsr     pusha
000A93r 1  A9 A6        	lda     #$A6
000A95r 1  20 rr rr     	jsr     pusha
000A98r 1  A9 8B        	lda     #$8B
000A9Ar 1  20 rr rr     	jsr     _put
000A9Dr 1  A0 00        	ldy     #$00
000A9Fr 1  B1 rr        	lda     (c_sp),y
000AA1r 1  18           	clc
000AA2r 1  A0 04        	ldy     #$04
000AA4r 1  71 rr        	adc     (c_sp),y
000AA6r 1  20 rr rr     	jsr     pusha
000AA9r 1  A0 02        	ldy     #$02
000AABr 1  B1 rr        	lda     (c_sp),y
000AADr 1  18           	clc
000AAEr 1  A0 04        	ldy     #$04
000AB0r 1  71 rr        	adc     (c_sp),y
000AB2r 1  20 rr rr     	jsr     pusha
000AB5r 1  A9 A6        	lda     #$A6
000AB7r 1  20 rr rr     	jsr     pusha
000ABAr 1  A9 8B        	lda     #$8B
000ABCr 1  20 rr rr     	jsr     _put
000ABFr 1  A0 00        	ldy     #$00
000AC1r 1  18           	clc
000AC2r 1  A9 01        	lda     #$01
000AC4r 1  71 rr        	adc     (c_sp),y
000AC6r 1  4C rr rr     	jmp     L0014
000AC9r 1  A9 01        L0016:	lda     #$01
000ACBr 1  A0 00        	ldy     #$00
000ACDr 1  91 rr        L0015:	sta     (c_sp),y
000ACFr 1  C8           	iny
000AD0r 1  D1 rr        	cmp     (c_sp),y
000AD2r 1  B0 49        	bcs     L0007
000AD4r 1  A0 04        	ldy     #$04
000AD6r 1  B1 rr        	lda     (c_sp),y
000AD8r 1  20 rr rr     	jsr     pusha
000ADBr 1  A0 01        	ldy     #$01
000ADDr 1  B1 rr        	lda     (c_sp),y
000ADFr 1  18           	clc
000AE0r 1  A0 04        	ldy     #$04
000AE2r 1  71 rr        	adc     (c_sp),y
000AE4r 1  20 rr rr     	jsr     pusha
000AE7r 1  A9 A9        	lda     #$A9
000AE9r 1  20 rr rr     	jsr     pusha
000AECr 1  A9 8E        	lda     #$8E
000AEEr 1  20 rr rr     	jsr     _put
000AF1r 1  A0 02        	ldy     #$02
000AF3r 1  B1 rr        	lda     (c_sp),y
000AF5r 1  18           	clc
000AF6r 1  A0 04        	ldy     #$04
000AF8r 1  71 rr        	adc     (c_sp),y
000AFAr 1  20 rr rr     	jsr     pusha
000AFDr 1  A0 01        	ldy     #$01
000AFFr 1  B1 rr        	lda     (c_sp),y
000B01r 1  18           	clc
000B02r 1  A0 04        	ldy     #$04
000B04r 1  71 rr        	adc     (c_sp),y
000B06r 1  20 rr rr     	jsr     pusha
000B09r 1  A9 A9        	lda     #$A9
000B0Br 1  20 rr rr     	jsr     pusha
000B0Er 1  A9 8E        	lda     #$8E
000B10r 1  20 rr rr     	jsr     _put
000B13r 1  A0 00        	ldy     #$00
000B15r 1  18           	clc
000B16r 1  A9 01        	lda     #$01
000B18r 1  71 rr        	adc     (c_sp),y
000B1Ar 1  4C rr rr     	jmp     L0015
000B1Dr 1  4C rr rr     L0007:	jmp     incsp5
000B20r 1               
000B20r 1               .endproc
000B20r 1               
000B20r 1               ; ---------------------------------------------------------------
000B20r 1               ; void __near__ drawBorder (void)
000B20r 1               ; ---------------------------------------------------------------
000B20r 1               
000B20r 1               .segment	"CODE"
000B20r 1               
000B20r 1               .proc	_drawBorder: near
000B20r 1               
000B20r 1               .segment	"CODE"
000B20r 1               
000B20r 1  A9 01        	lda     #$01
000B22r 1  20 rr rr     	jsr     pusha
000B25r 1  A9 00        	lda     #$00
000B27r 1  20 rr rr     	jsr     pusha
000B2Ar 1  A9 03        	lda     #$03
000B2Cr 1  20 rr rr     	jsr     pusha
000B2Fr 1  A9 rr        	lda     #<(S0009)
000B31r 1  A2 rr        	ldx     #>(S0009)
000B33r 1  20 rr rr     	jsr     pushax
000B36r 1  A9 00        	lda     #$00
000B38r 1  20 rr rr     	jsr     _drawCard
000B3Br 1  A9 1D        	lda     #$1D
000B3Dr 1  20 rr rr     	jsr     pusha
000B40r 1  A9 00        	lda     #$00
000B42r 1  20 rr rr     	jsr     pusha
000B45r 1  A9 03        	lda     #$03
000B47r 1  20 rr rr     	jsr     pusha
000B4Ar 1  A9 rr        	lda     #<(S000A)
000B4Cr 1  A2 rr        	ldx     #>(S000A)
000B4Er 1  20 rr rr     	jsr     pushax
000B51r 1  A9 00        	lda     #$00
000B53r 1  20 rr rr     	jsr     _drawCard
000B56r 1  A9 01        	lda     #$01
000B58r 1  20 rr rr     	jsr     pusha
000B5Br 1  A9 12        	lda     #$12
000B5Dr 1  20 rr rr     	jsr     pusha
000B60r 1  A9 03        	lda     #$03
000B62r 1  20 rr rr     	jsr     pusha
000B65r 1  A9 rr        	lda     #<(S000B)
000B67r 1  A2 rr        	ldx     #>(S000B)
000B69r 1  20 rr rr     	jsr     pushax
000B6Cr 1  A9 00        	lda     #$00
000B6Er 1  20 rr rr     	jsr     _drawCard
000B71r 1  A9 1D        	lda     #$1D
000B73r 1  20 rr rr     	jsr     pusha
000B76r 1  A9 12        	lda     #$12
000B78r 1  20 rr rr     	jsr     pusha
000B7Br 1  A9 03        	lda     #$03
000B7Dr 1  20 rr rr     	jsr     pusha
000B80r 1  A9 rr        	lda     #<(S000C)
000B82r 1  A2 rr        	ldx     #>(S000C)
000B84r 1  20 rr rr     	jsr     pushax
000B87r 1  A9 00        	lda     #$00
000B89r 1  4C rr rr     	jmp     _drawCard
000B8Cr 1               
000B8Cr 1               .endproc
000B8Cr 1               
000B8Cr 1               ; ---------------------------------------------------------------
000B8Cr 1               ; void __near__ drawLogo (void)
000B8Cr 1               ; ---------------------------------------------------------------
000B8Cr 1               
000B8Cr 1               .segment	"CODE"
000B8Cr 1               
000B8Cr 1               .proc	_drawLogo: near
000B8Cr 1               
000B8Cr 1               .segment	"CODE"
000B8Cr 1               
000B8Cr 1  A9 04        	lda     #$04
000B8Er 1  20 rr rr     	jsr     pusha
000B91r 1  A9 0B        	lda     #$0B
000B93r 1  20 rr rr     	jsr     pusha
000B96r 1  A0 01        	ldy     #$01
000B98r 1  18           	clc
000B99r 1  98           	tya
000B9Ar 1  71 rr        	adc     (c_sp),y
000B9Cr 1  91 rr        	sta     (c_sp),y
000B9Er 1  20 rr rr     	jsr     pusha
000BA1r 1  A9 rr        	lda     #<(S0001)
000BA3r 1  A2 rr        	ldx     #>(S0001)
000BA5r 1  20 rr rr     	jsr     _drawText
000BA8r 1  A9 0B        	lda     #$0B
000BAAr 1  20 rr rr     	jsr     pusha
000BADr 1  A0 01        	ldy     #$01
000BAFr 1  18           	clc
000BB0r 1  98           	tya
000BB1r 1  71 rr        	adc     (c_sp),y
000BB3r 1  91 rr        	sta     (c_sp),y
000BB5r 1  20 rr rr     	jsr     pusha
000BB8r 1  A9 rr        	lda     #<(S0002)
000BBAr 1  A2 rr        	ldx     #>(S0002)
000BBCr 1  20 rr rr     	jsr     _drawText
000BBFr 1  A9 0B        	lda     #$0B
000BC1r 1  20 rr rr     	jsr     pusha
000BC4r 1  A0 01        	ldy     #$01
000BC6r 1  18           	clc
000BC7r 1  98           	tya
000BC8r 1  71 rr        	adc     (c_sp),y
000BCAr 1  91 rr        	sta     (c_sp),y
000BCCr 1  20 rr rr     	jsr     pusha
000BCFr 1  A9 rr        	lda     #<(S0003)
000BD1r 1  A2 rr        	ldx     #>(S0003)
000BD3r 1  20 rr rr     	jsr     _drawText
000BD6r 1  A9 0B        	lda     #$0B
000BD8r 1  20 rr rr     	jsr     pusha
000BDBr 1  A0 01        	ldy     #$01
000BDDr 1  18           	clc
000BDEr 1  98           	tya
000BDFr 1  71 rr        	adc     (c_sp),y
000BE1r 1  91 rr        	sta     (c_sp),y
000BE3r 1  20 rr rr     	jsr     pusha
000BE6r 1  A9 rr        	lda     #<(S0004)
000BE8r 1  A2 rr        	ldx     #>(S0004)
000BEAr 1  20 rr rr     	jsr     _drawText
000BEDr 1  A9 0B        	lda     #$0B
000BEFr 1  20 rr rr     	jsr     pusha
000BF2r 1  A0 01        	ldy     #$01
000BF4r 1  18           	clc
000BF5r 1  98           	tya
000BF6r 1  71 rr        	adc     (c_sp),y
000BF8r 1  91 rr        	sta     (c_sp),y
000BFAr 1  20 rr rr     	jsr     pusha
000BFDr 1  A9 rr        	lda     #<(S0005)
000BFFr 1  A2 rr        	ldx     #>(S0005)
000C01r 1  20 rr rr     	jsr     _drawText
000C04r 1  4C rr rr     	jmp     incsp1
000C07r 1               
000C07r 1               .endproc
000C07r 1               
000C07r 1               ; ---------------------------------------------------------------
000C07r 1               ; void __near__ initGraphics (void)
000C07r 1               ; ---------------------------------------------------------------
000C07r 1               
000C07r 1               .segment	"CODE"
000C07r 1               
000C07r 1               .proc	_initGraphics: near
000C07r 1               
000C07r 1               .segment	"CODE"
000C07r 1               
000C07r 1  20 rr rr     	jsr     decsp2
000C0Ar 1  A9 rr        	lda     #<(_joy_static_stddrv)
000C0Cr 1  A2 rr        	ldx     #>(_joy_static_stddrv)
000C0Er 1  20 rr rr     	jsr     _joy_install
000C11r 1  A9 00        	lda     #$00
000C13r 1  8D 00 20     	sta     $2000
000C16r 1  8D 01 20     	sta     $2001
000C19r 1  AD 02 20     L0020:	lda     $2002
000C1Cr 1  29 80        	and     #$80
000C1Er 1  F0 F9        	beq     L0020
000C20r 1  AD 02 20     L0021:	lda     $2002
000C23r 1  29 80        	and     #$80
000C25r 1  F0 F9        	beq     L0021
000C27r 1  A9 3F        	lda     #$3F
000C29r 1  8D 06 20     	sta     $2006
000C2Cr 1  A9 00        	lda     #$00
000C2Er 1  8D 06 20     	sta     $2006
000C31r 1  AA           	tax
000C32r 1  20 rr rr     	jsr     stax0sp
000C35r 1  A0 01        L0008:	ldy     #$01
000C37r 1  B1 rr        	lda     (c_sp),y
000C39r 1  C9 00        	cmp     #$00
000C3Br 1  D0 05        	bne     L000C
000C3Dr 1  88           	dey
000C3Er 1  B1 rr        	lda     (c_sp),y
000C40r 1  C9 08        	cmp     #$08
000C42r 1  B0 30        L000C:	bcs     L0009
000C44r 1  A9 0A        	lda     #$0A
000C46r 1  8D 07 20     	sta     $2007
000C49r 1  A0 01        	ldy     #$01
000C4Br 1  B1 rr        	lda     (c_sp),y
000C4Dr 1  D0 0C        	bne     L0022
000C4Fr 1  88           	dey
000C50r 1  B1 rr        	lda     (c_sp),y
000C52r 1  C9 01        	cmp     #$01
000C54r 1  D0 05        	bne     L0022
000C56r 1  A9 10        	lda     #$10
000C58r 1  4C rr rr     	jmp     L0023
000C5Br 1  A9 30        L0022:	lda     #$30
000C5Dr 1  8D 07 20     L0023:	sta     $2007
000C60r 1  A9 16        	lda     #$16
000C62r 1  8D 07 20     	sta     $2007
000C65r 1  A9 0F        	lda     #$0F
000C67r 1  8D 07 20     	sta     $2007
000C6Ar 1  A2 00        	ldx     #$00
000C6Cr 1  A9 01        	lda     #$01
000C6Er 1  20 rr rr     	jsr     addeq0sp
000C71r 1  4C rr rr     	jmp     L0008
000C74r 1  A9 20        L0009:	lda     #$20
000C76r 1  8D 06 20     	sta     $2006
000C79r 1  A9 00        	lda     #$00
000C7Br 1  8D 06 20     	sta     $2006
000C7Er 1  AA           	tax
000C7Fr 1  20 rr rr     	jsr     stax0sp
000C82r 1  A0 01        L0010:	ldy     #$01
000C84r 1  B1 rr        	lda     (c_sp),y
000C86r 1  C9 03        	cmp     #$03
000C88r 1  D0 05        	bne     L0014
000C8Ar 1  88           	dey
000C8Br 1  B1 rr        	lda     (c_sp),y
000C8Dr 1  C9 C0        	cmp     #$C0
000C8Fr 1  B0 2D        L0014:	bcs     L0011
000C91r 1  A0 01        	ldy     #$01
000C93r 1  B1 rr        	lda     (c_sp),y
000C95r 1  C9 00        	cmp     #$00
000C97r 1  D0 05        	bne     L0015
000C99r 1  88           	dey
000C9Ar 1  B1 rr        	lda     (c_sp),y
000C9Cr 1  C9 40        	cmp     #$40
000C9Er 1  90 0F        L0015:	bcc     L0024
000CA0r 1  20 rr rr     	jsr     ldax0sp
000CA3r 1  C9 40        	cmp     #$40
000CA5r 1  8A           	txa
000CA6r 1  E9 03        	sbc     #$03
000CA8r 1  B0 05        	bcs     L0024
000CAAr 1  A9 00        	lda     #$00
000CACr 1  4C rr rr     	jmp     L0026
000CAFr 1  A9 40        L0024:	lda     #$40
000CB1r 1  8D 07 20     L0026:	sta     $2007
000CB4r 1  A2 00        	ldx     #$00
000CB6r 1  A9 01        	lda     #$01
000CB8r 1  20 rr rr     	jsr     addeq0sp
000CBBr 1  4C rr rr     	jmp     L0010
000CBEr 1  A2 00        L0011:	ldx     #$00
000CC0r 1  8A           	txa
000CC1r 1  20 rr rr     	jsr     stax0sp
000CC4r 1  A0 01        L001A:	ldy     #$01
000CC6r 1  B1 rr        	lda     (c_sp),y
000CC8r 1  C9 00        	cmp     #$00
000CCAr 1  D0 05        	bne     L001E
000CCCr 1  88           	dey
000CCDr 1  B1 rr        	lda     (c_sp),y
000CCFr 1  C9 40        	cmp     #$40
000CD1r 1  B0 0E        L001E:	bcs     L001B
000CD3r 1  A9 00        	lda     #$00
000CD5r 1  8D 07 20     	sta     $2007
000CD8r 1  AA           	tax
000CD9r 1  A9 01        	lda     #$01
000CDBr 1  20 rr rr     	jsr     addeq0sp
000CDEr 1  4C rr rr     	jmp     L001A
000CE1r 1  A9 rr        L001B:	lda     #<(_shadow)
000CE3r 1  A2 rr        	ldx     #>(_shadow)
000CE5r 1  20 rr rr     	jsr     pushax
000CE8r 1  A9 20        	lda     #$20
000CEAr 1  20 rr rr     	jsr     pusha0
000CEDr 1  A2 03        	ldx     #$03
000CEFr 1  A9 00        	lda     #$00
000CF1r 1  20 rr rr     	jsr     _memset
000CF4r 1  A9 rr        	lda     #>(_attr)
000CF6r 1  85 rr        	sta     ptr1+1
000CF8r 1  A9 rr        	lda     #<(_attr)
000CFAr 1  85 rr        	sta     ptr1
000CFCr 1  A9 00        	lda     #$00
000CFEr 1  A0 3F        	ldy     #$3F
000D00r 1  91 rr        L001F:	sta     (ptr1),y
000D02r 1  88           	dey
000D03r 1  10 FB        	bpl     L001F
000D05r 1  A9 00        	lda     #$00
000D07r 1  8D 05 20     	sta     $2005
000D0Ar 1  8D 05 20     	sta     $2005
000D0Dr 1  8D 06 20     	sta     $2006
000D10r 1  8D 06 20     	sta     $2006
000D13r 1  A9 90        	lda     #$90
000D15r 1  8D 00 20     	sta     $2000
000D18r 1  A9 0A        	lda     #$0A
000D1Ar 1  8D 01 20     	sta     $2001
000D1Dr 1  20 rr rr     	jsr     _waitvsync
000D20r 1  4C rr rr     	jmp     incsp2
000D23r 1               
000D23r 1               .endproc
000D23r 1               
000D23r 1               ; ---------------------------------------------------------------
000D23r 1               ; unsigned char __near__ cycleNextColor (void)
000D23r 1               ; ---------------------------------------------------------------
000D23r 1               
000D23r 1               .segment	"CODE"
000D23r 1               
000D23r 1               .proc	_cycleNextColor: near
000D23r 1               
000D23r 1               .segment	"CODE"
000D23r 1               
000D23r 1  A2 00        	ldx     #$00
000D25r 1  8A           	txa
000D26r 1  60           	rts
000D27r 1               
000D27r 1               .endproc
000D27r 1               
000D27r 1               ; ---------------------------------------------------------------
000D27r 1               ; void __near__ setColorMode (unsigned char mode)
000D27r 1               ; ---------------------------------------------------------------
000D27r 1               
000D27r 1               .segment	"CODE"
000D27r 1               
000D27r 1               .proc	_setColorMode: near
000D27r 1               
000D27r 1               .segment	"CODE"
000D27r 1               
000D27r 1  20 rr rr     	jsr     pusha
000D2Ar 1  4C rr rr     	jmp     incsp1
000D2Dr 1               
000D2Dr 1               .endproc
000D2Dr 1               
000D2Dr 1               ; ---------------------------------------------------------------
000D2Dr 1               ; void __near__ setBlockPalette (unsigned char x, unsigned char y, unsigned char pal)
000D2Dr 1               ; ---------------------------------------------------------------
000D2Dr 1               
000D2Dr 1               .segment	"CODE"
000D2Dr 1               
000D2Dr 1               .proc	_setBlockPalette: near
000D2Dr 1               
000D2Dr 1               .segment	"CODE"
000D2Dr 1               
000D2Dr 1  20 rr rr     	jsr     pusha
000D30r 1  A0 01        	ldy     #$01
000D32r 1  B1 rr        	lda     (c_sp),y
000D34r 1  18           	clc
000D35r 1  69 02        	adc     #$02
000D37r 1  20 rr rr     	jsr     pusha
000D3Ar 1  A0 00        	ldy     #$00
000D3Cr 1  B1 rr        	lda     (c_sp),y
000D3Er 1  4A           	lsr     a
000D3Fr 1  4A           	lsr     a
000D40r 1  0A           	asl     a
000D41r 1  0A           	asl     a
000D42r 1  0A           	asl     a
000D43r 1  85 rr        	sta     ptr1
000D45r 1  A0 03        	ldy     #$03
000D47r 1  B1 rr        	lda     (c_sp),y
000D49r 1  4A           	lsr     a
000D4Ar 1  4A           	lsr     a
000D4Br 1  05 rr        	ora     ptr1
000D4Dr 1  20 rr rr     	jsr     pusha
000D50r 1  A0 01        	ldy     #$01
000D52r 1  B1 rr        	lda     (c_sp),y
000D54r 1  29 02        	and     #$02
000D56r 1  0A           	asl     a
000D57r 1  85 rr        	sta     ptr1
000D59r 1  A0 04        	ldy     #$04
000D5Br 1  B1 rr        	lda     (c_sp),y
000D5Dr 1  A2 00        	ldx     #$00
000D5Fr 1  29 02        	and     #$02
000D61r 1  05 rr        	ora     ptr1
000D63r 1  20 rr rr     	jsr     pusha
000D66r 1  A0 01        	ldy     #$01
000D68r 1  B1 rr        	lda     (c_sp),y
000D6Ar 1  A8           	tay
000D6Br 1  B9 rr rr     	lda     _attr,y
000D6Er 1  85 rr        	sta     ptr1
000D70r 1  A1 rr        	lda     (c_sp,x)
000D72r 1  A8           	tay
000D73r 1  A9 03        	lda     #$03
000D75r 1  20 rr rr     	jsr     aslaxy
000D78r 1  49 FF        	eor     #$FF
000D7Ar 1  25 rr        	and     ptr1
000D7Cr 1  85 rr        	sta     sreg
000D7Er 1  A2 00        	ldx     #$00
000D80r 1  A0 03        	ldy     #$03
000D82r 1  B1 rr        	lda     (c_sp),y
000D84r 1  85 rr        	sta     ptr1
000D86r 1  A1 rr        	lda     (c_sp,x)
000D88r 1  A8           	tay
000D89r 1  A5 rr        	lda     ptr1
000D8Br 1  20 rr rr     	jsr     aslaxy
000D8Er 1  05 rr        	ora     sreg
000D90r 1  20 rr rr     	jsr     pusha
000D93r 1  A0 02        	ldy     #$02
000D95r 1  B1 rr        	lda     (c_sp),y
000D97r 1  A8           	tay
000D98r 1  B9 rr rr     	lda     _attr,y
000D9Br 1  A0 00        	ldy     #$00
000D9Dr 1  D1 rr        	cmp     (c_sp),y
000D9Fr 1  F0 22        	beq     L0003
000DA1r 1  A0 02        	ldy     #$02
000DA3r 1  B1 rr        	lda     (c_sp),y
000DA5r 1  AA           	tax
000DA6r 1  A0 00        	ldy     #$00
000DA8r 1  B1 rr        	lda     (c_sp),y
000DAAr 1  9D rr rr     	sta     _attr,x
000DADr 1  A2 23        	ldx     #$23
000DAFr 1  A9 C0        	lda     #$C0
000DB1r 1  A0 02        	ldy     #$02
000DB3r 1  18           	clc
000DB4r 1  71 rr        	adc     (c_sp),y
000DB6r 1  90 01        	bcc     L0006
000DB8r 1  E8           	inx
000DB9r 1  20 rr rr     L0006:	jsr     pushax
000DBCr 1  A0 02        	ldy     #$02
000DBEr 1  B1 rr        	lda     (c_sp),y
000DC0r 1  20 rr rr     	jsr     _ppu_put
000DC3r 1  4C rr rr     L0003:	jmp     incsp7
000DC6r 1               
000DC6r 1               .endproc
000DC6r 1               
000DC6r 1               ; ---------------------------------------------------------------
000DC6r 1               ; void __near__ shadeCard (unsigned char x, unsigned char y, unsigned char grey)
000DC6r 1               ; ---------------------------------------------------------------
000DC6r 1               
000DC6r 1               .segment	"CODE"
000DC6r 1               
000DC6r 1               .proc	_shadeCard: near
000DC6r 1               
000DC6r 1               .segment	"CODE"
000DC6r 1               
000DC6r 1  20 rr rr     	jsr     pusha
000DC9r 1  20 rr rr     	jsr     decsp1
000DCCr 1  A0 03        	ldy     #$03
000DCEr 1  B1 rr        	lda     (c_sp),y
000DD0r 1  29 01        	and     #$01
000DD2r 1  D0 2B        	bne     L0004
000DD4r 1  A8           	tay
000DD5r 1  91 rr        L0008:	sta     (c_sp),y
000DD7r 1  C9 05        	cmp     #$05
000DD9r 1  B0 24        	bcs     L0004
000DDBr 1  A0 03        	ldy     #$03
000DDDr 1  B1 rr        	lda     (c_sp),y
000DDFr 1  20 rr rr     	jsr     pusha
000DE2r 1  A0 01        	ldy     #$01
000DE4r 1  B1 rr        	lda     (c_sp),y
000DE6r 1  18           	clc
000DE7r 1  A0 03        	ldy     #$03
000DE9r 1  71 rr        	adc     (c_sp),y
000DEBr 1  20 rr rr     	jsr     pusha
000DEEr 1  A0 03        	ldy     #$03
000DF0r 1  B1 rr        	lda     (c_sp),y
000DF2r 1  20 rr rr     	jsr     _setBlockPalette
000DF5r 1  A0 00        	ldy     #$00
000DF7r 1  18           	clc
000DF8r 1  A9 02        	lda     #$02
000DFAr 1  71 rr        	adc     (c_sp),y
000DFCr 1  4C rr rr     	jmp     L0008
000DFFr 1  4C rr rr     L0004:	jmp     incsp4
000E02r 1               
000E02r 1               .endproc
000E02r 1               
000E02r 1               ; ---------------------------------------------------------------
000E02r 1               ; void __near__ put (unsigned char x, unsigned char y, unsigned char glyph, unsigned char tile)
000E02r 1               ; ---------------------------------------------------------------
000E02r 1               
000E02r 1               .segment	"CODE"
000E02r 1               
000E02r 1               .proc	_put: near
000E02r 1               
000E02r 1               .segment	"CODE"
000E02r 1               
000E02r 1  20 rr rr     	jsr     pusha
000E05r 1  A0 03        	ldy     #$03
000E07r 1  B1 rr        	lda     (c_sp),y
000E09r 1  C9 20        	cmp     #$20
000E0Br 1  B0 60        	bcs     L0001
000E0Dr 1  88           	dey
000E0Er 1  B1 rr        	lda     (c_sp),y
000E10r 1  C9 18        	cmp     #$18
000E12r 1  B0 59        	bcs     L0001
000E14r 1  A2 00        	ldx     #$00
000E16r 1  B1 rr        	lda     (c_sp),y
000E18r 1  20 rr rr     	jsr     aslax4
000E1Br 1  20 rr rr     	jsr     aslax1
000E1Er 1  18           	clc
000E1Fr 1  69 rr        	adc     #<(_shadow)
000E21r 1  85 rr        	sta     ptr1
000E23r 1  8A           	txa
000E24r 1  69 rr        	adc     #>(_shadow)
000E26r 1  85 rr        	sta     ptr1+1
000E28r 1  C8           	iny
000E29r 1  B1 rr        	lda     (c_sp),y
000E2Br 1  18           	clc
000E2Cr 1  65 rr        	adc     ptr1
000E2Er 1  A6 rr        	ldx     ptr1+1
000E30r 1  90 01        	bcc     L0005
000E32r 1  E8           	inx
000E33r 1  85 rr        L0005:	sta     ptr1
000E35r 1  86 rr        	stx     ptr1+1
000E37r 1  A0 01        	ldy     #$01
000E39r 1  B1 rr        	lda     (c_sp),y
000E3Br 1  88           	dey
000E3Cr 1  91 rr        	sta     (ptr1),y
000E3Er 1  A0 02        	ldy     #$02
000E40r 1  A2 00        	ldx     #$00
000E42r 1  B1 rr        	lda     (c_sp),y
000E44r 1  20 rr rr     	jsr     incax2
000E47r 1  20 rr rr     	jsr     shlax4
000E4Ar 1  20 rr rr     	jsr     shlax1
000E4Dr 1  85 rr        	sta     ptr1
000E4Fr 1  86 rr        	stx     ptr1+1
000E51r 1  18           	clc
000E52r 1  A9 20        	lda     #$20
000E54r 1  65 rr        	adc     ptr1+1
000E56r 1  85 rr        	sta     ptr1+1
000E58r 1  C8           	iny
000E59r 1  B1 rr        	lda     (c_sp),y
000E5Br 1  18           	clc
000E5Cr 1  65 rr        	adc     ptr1
000E5Er 1  A6 rr        	ldx     ptr1+1
000E60r 1  90 01        	bcc     L0006
000E62r 1  E8           	inx
000E63r 1  20 rr rr     L0006:	jsr     pushax
000E66r 1  A0 02        	ldy     #$02
000E68r 1  B1 rr        	lda     (c_sp),y
000E6Ar 1  20 rr rr     	jsr     _ppu_put
000E6Dr 1  4C rr rr     L0001:	jmp     incsp4
000E70r 1               
000E70r 1               .endproc
000E70r 1               
000E70r 1               ; ---------------------------------------------------------------
000E70r 1               ; unsigned char __near__ peek (unsigned char x, unsigned char y)
000E70r 1               ; ---------------------------------------------------------------
000E70r 1               
000E70r 1               .segment	"CODE"
000E70r 1               
000E70r 1               .proc	_peek: near
000E70r 1               
000E70r 1               .segment	"CODE"
000E70r 1               
000E70r 1  20 rr rr     	jsr     pusha
000E73r 1  A0 01        	ldy     #$01
000E75r 1  B1 rr        	lda     (c_sp),y
000E77r 1  C9 20        	cmp     #$20
000E79r 1  B0 0C        	bcs     L0005
000E7Br 1  88           	dey
000E7Cr 1  B1 rr        	lda     (c_sp),y
000E7Er 1  C9 18        	cmp     #$18
000E80r 1  B0 05        	bcs     L0005
000E82r 1  A2 00        	ldx     #$00
000E84r 1  4C rr rr     	jmp     L0007
000E87r 1  A2 00        L0005:	ldx     #$00
000E89r 1  A9 20        	lda     #$20
000E8Br 1  4C rr rr     	jmp     incsp2
000E8Er 1  B1 rr        L0007:	lda     (c_sp),y
000E90r 1  20 rr rr     	jsr     aslax4
000E93r 1  20 rr rr     	jsr     aslax1
000E96r 1  18           	clc
000E97r 1  69 rr        	adc     #<(_shadow)
000E99r 1  85 rr        	sta     ptr1
000E9Br 1  8A           	txa
000E9Cr 1  69 rr        	adc     #>(_shadow)
000E9Er 1  85 rr        	sta     ptr1+1
000EA0r 1  C8           	iny
000EA1r 1  B1 rr        	lda     (c_sp),y
000EA3r 1  A8           	tay
000EA4r 1  A2 00        	ldx     #$00
000EA6r 1  B1 rr        	lda     (ptr1),y
000EA8r 1  4C rr rr     	jmp     incsp2
000EABr 1               
000EABr 1               .endproc
000EABr 1               
000EABr 1               ; ---------------------------------------------------------------
000EABr 1               ; unsigned char __near__ textGlyph (unsigned char c)
000EABr 1               ; ---------------------------------------------------------------
000EABr 1               
000EABr 1               .segment	"CODE"
000EABr 1               
000EABr 1               .proc	_textGlyph: near
000EABr 1               
000EABr 1               .segment	"CODE"
000EABr 1               
000EABr 1  20 rr rr     	jsr     pusha
000EAEr 1  A0 00        	ldy     #$00
000EB0r 1  B1 rr        	lda     (c_sp),y
000EB2r 1  C9 61        	cmp     #$61
000EB4r 1  90 09        	bcc     L000D
000EB6r 1  C9 7B        	cmp     #$7B
000EB8r 1  B0 05        	bcs     L000D
000EBAr 1  38           	sec
000EBBr 1  E9 20        	sbc     #$20
000EBDr 1  91 rr        	sta     (c_sp),y
000EBFr 1  B1 rr        L000D:	lda     (c_sp),y
000EC1r 1  C9 20        	cmp     #$20
000EC3r 1  90 04        	bcc     L000E
000EC5r 1  C9 60        	cmp     #$60
000EC7r 1  90 04        	bcc     L0011
000EC9r 1  A9 3F        L000E:	lda     #$3F
000ECBr 1  91 rr        	sta     (c_sp),y
000ECDr 1  A2 00        L0011:	ldx     #$00
000ECFr 1  B1 rr        	lda     (c_sp),y
000ED1r 1  4C rr rr     	jmp     incsp1
000ED4r 1               
000ED4r 1               .endproc
000ED4r 1               
000ED4r 1               ; ---------------------------------------------------------------
000ED4r 1               ; void __near__ putText (unsigned char x, unsigned char y, const char *s, unsigned char base)
000ED4r 1               ; ---------------------------------------------------------------
000ED4r 1               
000ED4r 1               .segment	"CODE"
000ED4r 1               
000ED4r 1               .proc	_putText: near
000ED4r 1               
000ED4r 1               .segment	"CODE"
000ED4r 1               
000ED4r 1  20 rr rr     	jsr     pusha
000ED7r 1  20 rr rr     	jsr     decsp1
000EDAr 1  4C rr rr     	jmp     L0004
000EDDr 1  A0 00        L0002:	ldy     #$00
000EDFr 1  B1 rr        	lda     (c_sp),y
000EE1r 1  20 rr rr     	jsr     _textGlyph
000EE4r 1  A0 00        	ldy     #$00
000EE6r 1  91 rr        	sta     (c_sp),y
000EE8r 1  A0 05        	ldy     #$05
000EEAr 1  B1 rr        	lda     (c_sp),y
000EECr 1  20 rr rr     	jsr     pusha
000EEFr 1  A0 06        	ldy     #$06
000EF1r 1  18           	clc
000EF2r 1  A9 01        	lda     #$01
000EF4r 1  71 rr        	adc     (c_sp),y
000EF6r 1  91 rr        	sta     (c_sp),y
000EF8r 1  88           	dey
000EF9r 1  B1 rr        	lda     (c_sp),y
000EFBr 1  20 rr rr     	jsr     pusha
000EFEr 1  A0 02        	ldy     #$02
000F00r 1  B1 rr        	lda     (c_sp),y
000F02r 1  20 rr rr     	jsr     pusha
000F05r 1  A2 00        	ldx     #$00
000F07r 1  A0 03        	ldy     #$03
000F09r 1  B1 rr        	lda     (c_sp),y
000F0Br 1  A0 20        	ldy     #$20
000F0Dr 1  20 rr rr     	jsr     decaxy
000F10r 1  18           	clc
000F11r 1  A0 04        	ldy     #$04
000F13r 1  71 rr        	adc     (c_sp),y
000F15r 1  20 rr rr     	jsr     _put
000F18r 1  A0 03        L0004:	ldy     #$03
000F1Ar 1  20 rr rr     	jsr     ldptr1ysp
000F1Dr 1  A0 00        	ldy     #$00
000F1Fr 1  B1 rr        	lda     (ptr1),y
000F21r 1  91 rr        	sta     (c_sp),y
000F23r 1  C9 00        	cmp     #$00
000F25r 1  20 rr rr     	jsr     boolne
000F28r 1  08           	php
000F29r 1  A0 02        	ldy     #$02
000F2Br 1  A9 01        	lda     #$01
000F2Dr 1  20 rr rr     	jsr     addeqysp
000F30r 1  28           	plp
000F31r 1  F0 08        	beq     L0009
000F33r 1  A0 05        	ldy     #$05
000F35r 1  B1 rr        	lda     (c_sp),y
000F37r 1  C9 20        	cmp     #$20
000F39r 1  90 A2        	bcc     L0002
000F3Br 1  4C rr rr     L0009:	jmp     incsp6
000F3Er 1               
000F3Er 1               .endproc
000F3Er 1               
000F3Er 1               ; ---------------------------------------------------------------
000F3Er 1               ; void __near__ putStatus (unsigned char x, unsigned char y, const char *s, unsigned char n)
000F3Er 1               ; ---------------------------------------------------------------
000F3Er 1               
000F3Er 1               .segment	"CODE"
000F3Er 1               
000F3Er 1               .proc	_putStatus: near
000F3Er 1               
000F3Er 1               .segment	"CODE"
000F3Er 1               
000F3Er 1  20 rr rr     	jsr     pusha
000F41r 1  20 rr rr     	jsr     decsp1
000F44r 1  4C rr rr     	jmp     L0004
000F47r 1  A0 00        L0002:	ldy     #$00
000F49r 1  B1 rr        	lda     (c_sp),y
000F4Br 1  20 rr rr     	jsr     _textGlyph
000F4Er 1  A0 00        	ldy     #$00
000F50r 1  91 rr        	sta     (c_sp),y
000F52r 1  A0 05        	ldy     #$05
000F54r 1  B1 rr        	lda     (c_sp),y
000F56r 1  20 rr rr     	jsr     pusha
000F59r 1  A0 06        	ldy     #$06
000F5Br 1  18           	clc
000F5Cr 1  A9 01        	lda     #$01
000F5Er 1  71 rr        	adc     (c_sp),y
000F60r 1  91 rr        	sta     (c_sp),y
000F62r 1  88           	dey
000F63r 1  B1 rr        	lda     (c_sp),y
000F65r 1  20 rr rr     	jsr     pusha
000F68r 1  A0 02        	ldy     #$02
000F6Ar 1  B1 rr        	lda     (c_sp),y
000F6Cr 1  20 rr rr     	jsr     pusha
000F6Fr 1  A0 03        	ldy     #$03
000F71r 1  A2 00        	ldx     #$00
000F73r 1  B1 rr        	lda     (c_sp),y
000F75r 1  A0 20        	ldy     #$20
000F77r 1  20 rr rr     	jsr     decaxy
000F7Ar 1  A0 40        	ldy     #$40
000F7Cr 1  20 rr rr     	jsr     incaxy
000F7Fr 1  20 rr rr     	jsr     _put
000F82r 1  A0 01        L0004:	ldy     #$01
000F84r 1  B1 rr        	lda     (c_sp),y
000F86r 1  08           	php
000F87r 1  B1 rr        	lda     (c_sp),y
000F89r 1  38           	sec
000F8Ar 1  E9 01        	sbc     #$01
000F8Cr 1  91 rr        	sta     (c_sp),y
000F8Er 1  28           	plp
000F8Fr 1  F0 23        	beq     L0008
000F91r 1  A0 03        	ldy     #$03
000F93r 1  20 rr rr     	jsr     ldptr1ysp
000F96r 1  A0 00        	ldy     #$00
000F98r 1  B1 rr        	lda     (ptr1),y
000F9Ar 1  91 rr        	sta     (c_sp),y
000F9Cr 1  C9 00        	cmp     #$00
000F9Er 1  20 rr rr     	jsr     boolne
000FA1r 1  08           	php
000FA2r 1  A0 02        	ldy     #$02
000FA4r 1  A9 01        	lda     #$01
000FA6r 1  20 rr rr     	jsr     addeqysp
000FA9r 1  28           	plp
000FAAr 1  F0 08        	beq     L0008
000FACr 1  A0 05        	ldy     #$05
000FAEr 1  B1 rr        	lda     (c_sp),y
000FB0r 1  C9 20        	cmp     #$20
000FB2r 1  90 93        	bcc     L0002
000FB4r 1  4C rr rr     L0008:	jmp     incsp6
000FB7r 1               
000FB7r 1               .endproc
000FB7r 1               
000FB7r 1               ; ---------------------------------------------------------------
000FB7r 1               ; unsigned char __near__ lineTile (unsigned char g, unsigned char y, unsigned char on)
000FB7r 1               ; ---------------------------------------------------------------
000FB7r 1               
000FB7r 1               .segment	"CODE"
000FB7r 1               
000FB7r 1               .proc	_lineTile: near
000FB7r 1               
000FB7r 1               .segment	"CODE"
000FB7r 1               
000FB7r 1  20 rr rr     	jsr     pusha
000FBAr 1  A0 01        	ldy     #$01
000FBCr 1  B1 rr        	lda     (c_sp),y
000FBEr 1  C9 17        	cmp     #$17
000FC0r 1  D0 73        	bne     L0002
000FC2r 1  C8           	iny
000FC3r 1  B1 rr        	lda     (c_sp),y
000FC5r 1  C9 20        	cmp     #$20
000FC7r 1  90 04        	bcc     L0022
000FC9r 1  C9 60        	cmp     #$60
000FCBr 1  90 05        	bcc     L0003
000FCDr 1  A2 00        L0022:	ldx     #$00
000FCFr 1  4C rr rr     	jmp     L0021
000FD2r 1  A0 00        L0003:	ldy     #$00
000FD4r 1  B1 rr        	lda     (c_sp),y
000FD6r 1  D0 14        	bne     L0006
000FD8r 1  A0 02        	ldy     #$02
000FDAr 1  AA           	tax
000FDBr 1  B1 rr        	lda     (c_sp),y
000FDDr 1  A0 20        	ldy     #$20
000FDFr 1  20 rr rr     	jsr     decaxy
000FE2r 1  A0 40        	ldy     #$40
000FE4r 1  20 rr rr     	jsr     incaxy
000FE7r 1  A2 00        	ldx     #$00
000FE9r 1  4C rr rr     	jmp     incsp3
000FECr 1  A0 02        L0006:	ldy     #$02
000FEEr 1  B1 rr        	lda     (c_sp),y
000FF0r 1  C9 20        	cmp     #$20
000FF2r 1  D0 07        	bne     L0024
000FF4r 1  A2 00        	ldx     #$00
000FF6r 1  A9 BF        	lda     #$BF
000FF8r 1  4C rr rr     	jmp     incsp3
000FFBr 1  B1 rr        L0024:	lda     (c_sp),y
000FFDr 1  C9 30        	cmp     #$30
000FFFr 1  90 17        	bcc     L0029
001001r 1  C9 3A        	cmp     #$3A
001003r 1  B0 13        	bcs     L0029
001005r 1  A2 00        	ldx     #$00
001007r 1  B1 rr        	lda     (c_sp),y
001009r 1  A0 30        	ldy     #$30
00100Br 1  20 rr rr     	jsr     decaxy
00100Er 1  A0 C0        	ldy     #$C0
001010r 1  20 rr rr     	jsr     incaxy
001013r 1  A2 00        	ldx     #$00
001015r 1  4C rr rr     	jmp     incsp3
001018r 1  B1 rr        L0029:	lda     (c_sp),y
00101Ar 1  C9 41        	cmp     #$41
00101Cr 1  A2 00        	ldx     #$00
00101Er 1  90 72        	bcc     L0021
001020r 1  B1 rr        	lda     (c_sp),y
001022r 1  C9 5B        	cmp     #$5B
001024r 1  B0 6C        	bcs     L0021
001026r 1  A0 41        	ldy     #$41
001028r 1  20 rr rr     	jsr     decaxy
00102Br 1  A0 CA        	ldy     #$CA
00102Dr 1  20 rr rr     	jsr     incaxy
001030r 1  A2 00        	ldx     #$00
001032r 1  4C rr rr     	jmp     incsp3
001035r 1  C8           L0002:	iny
001036r 1  A2 00        	ldx     #$00
001038r 1  B1 rr        	lda     (c_sp),y
00103Ar 1  C9 20        	cmp     #$20
00103Cr 1  F0 13        	beq     L0012
00103Er 1  C9 80        	cmp     #$80
001040r 1  F0 18        	beq     L0015
001042r 1  C9 82        	cmp     #$82
001044r 1  F0 22        	beq     L0018
001046r 1  C9 84        	cmp     #$84
001048r 1  F0 3A        	beq     L001E
00104Ar 1  C9 97        	cmp     #$97
00104Cr 1  F0 28        	beq     L001B
00104Er 1  4C rr rr     	jmp     L0021
001051r 1  A1 rr        L0012:	lda     (c_sp,x)
001053r 1  F0 3F        	beq     L0001
001055r 1  A9 E4        	lda     #$E4
001057r 1  4C rr rr     	jmp     incsp3
00105Ar 1  A1 rr        L0015:	lda     (c_sp,x)
00105Cr 1  F0 05        	beq     L0030
00105Er 1  A9 E5        	lda     #$E5
001060r 1  4C rr rr     	jmp     incsp3
001063r 1  A9 80        L0030:	lda     #$80
001065r 1  4C rr rr     	jmp     incsp3
001068r 1  A1 rr        L0018:	lda     (c_sp,x)
00106Ar 1  F0 05        	beq     L0032
00106Cr 1  A9 E6        	lda     #$E6
00106Er 1  4C rr rr     	jmp     incsp3
001071r 1  A9 82        L0032:	lda     #$82
001073r 1  4C rr rr     	jmp     incsp3
001076r 1  A1 rr        L001B:	lda     (c_sp,x)
001078r 1  F0 05        	beq     L0034
00107Ar 1  A9 E7        	lda     #$E7
00107Cr 1  4C rr rr     	jmp     incsp3
00107Fr 1  A9 88        L0034:	lda     #$88
001081r 1  4C rr rr     	jmp     incsp3
001084r 1  A1 rr        L001E:	lda     (c_sp,x)
001086r 1  F0 05        	beq     L0036
001088r 1  A9 E8        	lda     #$E8
00108Ar 1  4C rr rr     	jmp     incsp3
00108Dr 1  A9 84        L0036:	lda     #$84
00108Fr 1  4C rr rr     	jmp     incsp3
001092r 1  A9 FF        L0021:	lda     #$FF
001094r 1  4C rr rr     L0001:	jmp     incsp3
001097r 1               
001097r 1               .endproc
001097r 1               
001097r 1               ; ---------------------------------------------------------------
001097r 1               ; void __near__ line (unsigned char x, unsigned char y, unsigned char w, unsigned char on)
001097r 1               ; ---------------------------------------------------------------
001097r 1               
001097r 1               .segment	"CODE"
001097r 1               
001097r 1               .proc	_line: near
001097r 1               
001097r 1               .segment	"CODE"
001097r 1               
001097r 1  20 rr rr     	jsr     pusha
00109Ar 1  20 rr rr     	jsr     decsp1
00109Dr 1  A0 03        	ldy     #$03
00109Fr 1  B1 rr        	lda     (c_sp),y
0010A1r 1  C9 18        	cmp     #$18
0010A3r 1  90 03 4C rr  	jcs     L0004
0010A7r 1  rr           
0010A8r 1  A0 02        L0002:	ldy     #$02
0010AAr 1  B1 rr        	lda     (c_sp),y
0010ACr 1  D0 03 4C rr  	jeq     L0004
0010B0r 1  rr           
0010B1r 1  A0 04        	ldy     #$04
0010B3r 1  B1 rr        	lda     (c_sp),y
0010B5r 1  C9 20        	cmp     #$20
0010B7r 1  B0 78        	bcs     L0004
0010B9r 1  88           	dey
0010BAr 1  A2 00        	ldx     #$00
0010BCr 1  B1 rr        	lda     (c_sp),y
0010BEr 1  20 rr rr     	jsr     aslax4
0010C1r 1  20 rr rr     	jsr     aslax1
0010C4r 1  18           	clc
0010C5r 1  69 rr        	adc     #<(_shadow)
0010C7r 1  85 rr        	sta     ptr1
0010C9r 1  8A           	txa
0010CAr 1  69 rr        	adc     #>(_shadow)
0010CCr 1  85 rr        	sta     ptr1+1
0010CEr 1  C8           	iny
0010CFr 1  B1 rr        	lda     (c_sp),y
0010D1r 1  A8           	tay
0010D2r 1  B1 rr        	lda     (ptr1),y
0010D4r 1  20 rr rr     	jsr     pusha
0010D7r 1  A0 04        	ldy     #$04
0010D9r 1  B1 rr        	lda     (c_sp),y
0010DBr 1  20 rr rr     	jsr     pusha
0010DEr 1  A0 03        	ldy     #$03
0010E0r 1  B1 rr        	lda     (c_sp),y
0010E2r 1  20 rr rr     	jsr     _lineTile
0010E5r 1  A0 00        	ldy     #$00
0010E7r 1  91 rr        	sta     (c_sp),y
0010E9r 1  C9 FF        	cmp     #$FF
0010EBr 1  F0 2F        	beq     L0005
0010EDr 1  A0 03        	ldy     #$03
0010EFr 1  A2 00        	ldx     #$00
0010F1r 1  B1 rr        	lda     (c_sp),y
0010F3r 1  20 rr rr     	jsr     incax2
0010F6r 1  20 rr rr     	jsr     shlax4
0010F9r 1  20 rr rr     	jsr     shlax1
0010FCr 1  85 rr        	sta     ptr1
0010FEr 1  86 rr        	stx     ptr1+1
001100r 1  18           	clc
001101r 1  A9 20        	lda     #$20
001103r 1  65 rr        	adc     ptr1+1
001105r 1  85 rr        	sta     ptr1+1
001107r 1  C8           	iny
001108r 1  B1 rr        	lda     (c_sp),y
00110Ar 1  18           	clc
00110Br 1  65 rr        	adc     ptr1
00110Dr 1  A6 rr        	ldx     ptr1+1
00110Fr 1  90 01        	bcc     L000B
001111r 1  E8           	inx
001112r 1  20 rr rr     L000B:	jsr     pushax
001115r 1  A0 02        	ldy     #$02
001117r 1  B1 rr        	lda     (c_sp),y
001119r 1  20 rr rr     	jsr     _ppu_put
00111Cr 1  A0 02        L0005:	ldy     #$02
00111Er 1  B1 rr        	lda     (c_sp),y
001120r 1  38           	sec
001121r 1  E9 01        	sbc     #$01
001123r 1  91 rr        	sta     (c_sp),y
001125r 1  A0 04        	ldy     #$04
001127r 1  18           	clc
001128r 1  A9 01        	lda     #$01
00112Ar 1  71 rr        	adc     (c_sp),y
00112Cr 1  91 rr        	sta     (c_sp),y
00112Er 1  4C rr rr     	jmp     L0002
001131r 1  4C rr rr     L0004:	jmp     incsp5
001134r 1               
001134r 1               .endproc
001134r 1               
001134r 1               
